iteration	mode	endpoint	train	test	accuracy
0	original	0	sharedreward	trust	0.4676966292134831
0	original	1	trust	sharedreward	0.4859550561797753
0	task_negative	0	sharedreward	trust	0.4691011235955056
0	task_negative	1	trust	sharedreward	0.4691011235955056
0	residualized	0	sharedreward	trust	0.4705056179775281
0	residualized	1	trust	sharedreward	0.4901685393258427
1	original	0	sharedreward	trust	0.5154494382022472
1	original	1	trust	sharedreward	0.5028089887640449
1	task_negative	0	sharedreward	trust	0.4943820224719101
1	task_negative	1	trust	sharedreward	0.49719101123595505
1	residualized	0	sharedreward	trust	0.5196629213483146
1	residualized	1	trust	sharedreward	0.49859550561797755
2	original	0	sharedreward	trust	0.4943820224719101
2	original	1	trust	sharedreward	0.4929775280898876
2	task_negative	0	sharedreward	trust	0.5028089887640449
2	task_negative	1	trust	sharedreward	0.5224719101123596
2	residualized	0	sharedreward	trust	0.4859550561797753
2	residualized	1	trust	sharedreward	0.4943820224719101
3	original	0	sharedreward	trust	0.4691011235955056
3	original	1	trust	sharedreward	0.4789325842696629
3	task_negative	0	sharedreward	trust	0.46348314606741575
3	task_negative	1	trust	sharedreward	0.5
3	residualized	0	sharedreward	trust	0.46769662921348315
3	residualized	1	trust	sharedreward	0.4803370786516854
4	original	0	sharedreward	trust	0.5168539325842697
4	original	1	trust	sharedreward	0.5084269662921348
4	task_negative	0	sharedreward	trust	0.5224719101123596
4	task_negative	1	trust	sharedreward	0.5224719101123596
4	residualized	0	sharedreward	trust	0.5182584269662921
4	residualized	1	trust	sharedreward	0.5070224719101124
5	original	0	sharedreward	trust	0.5084269662921348
5	original	1	trust	sharedreward	0.4957865168539326
5	task_negative	0	sharedreward	trust	0.5084269662921348
5	task_negative	1	trust	sharedreward	0.49719101123595505
5	residualized	0	sharedreward	trust	0.5028089887640449
5	residualized	1	trust	sharedreward	0.5
6	original	0	sharedreward	trust	0.4873595505617977
6	original	1	trust	sharedreward	0.4901685393258427
6	task_negative	0	sharedreward	trust	0.4803370786516854
6	task_negative	1	trust	sharedreward	0.5
6	residualized	0	sharedreward	trust	0.4859550561797753
6	residualized	1	trust	sharedreward	0.4859550561797753
7	original	0	sharedreward	trust	0.5294943820224719
7	original	1	trust	sharedreward	0.5070224719101124
7	task_negative	0	sharedreward	trust	0.47752808988764045
7	task_negative	1	trust	sharedreward	0.4859550561797753
7	residualized	0	sharedreward	trust	0.5393258426966292
7	residualized	1	trust	sharedreward	0.5028089887640449
8	original	0	sharedreward	trust	0.523876404494382
8	original	1	trust	sharedreward	0.5
8	task_negative	0	sharedreward	trust	0.5112359550561798
8	task_negative	1	trust	sharedreward	0.4803370786516854
8	residualized	0	sharedreward	trust	0.5196629213483146
8	residualized	1	trust	sharedreward	0.5014044943820225
9	original	0	sharedreward	trust	0.4985955056179775
9	original	1	trust	sharedreward	0.5182584269662921
9	task_negative	0	sharedreward	trust	0.4887640449438202
9	task_negative	1	trust	sharedreward	0.47752808988764045
9	residualized	0	sharedreward	trust	0.49859550561797755
9	residualized	1	trust	sharedreward	0.5210674157303371
10	original	0	sharedreward	trust	0.4901685393258427
10	original	1	trust	sharedreward	0.5098314606741573
10	task_negative	0	sharedreward	trust	0.4747191011235955
10	task_negative	1	trust	sharedreward	0.4803370786516854
10	residualized	0	sharedreward	trust	0.4943820224719101
10	residualized	1	trust	sharedreward	0.5084269662921348
11	original	0	sharedreward	trust	0.4901685393258427
11	original	1	trust	sharedreward	0.5098314606741573
11	task_negative	0	sharedreward	trust	0.5056179775280899
11	task_negative	1	trust	sharedreward	0.47752808988764045
11	residualized	0	sharedreward	trust	0.49719101123595505
11	residualized	1	trust	sharedreward	0.5028089887640449
12	original	0	sharedreward	trust	0.4789325842696629
12	original	1	trust	sharedreward	0.4873595505617977
12	task_negative	0	sharedreward	trust	0.47752808988764045
12	task_negative	1	trust	sharedreward	0.49157303370786515
12	residualized	0	sharedreward	trust	0.4747191011235955
12	residualized	1	trust	sharedreward	0.4901685393258427
13	original	0	sharedreward	trust	0.5042134831460674
13	original	1	trust	sharedreward	0.4957865168539326
13	task_negative	0	sharedreward	trust	0.47191011235955055
13	task_negative	1	trust	sharedreward	0.49157303370786515
13	residualized	0	sharedreward	trust	0.5014044943820225
13	residualized	1	trust	sharedreward	0.5056179775280899
14	original	0	sharedreward	trust	0.5056179775280899
14	original	1	trust	sharedreward	0.497191011235955
14	task_negative	0	sharedreward	trust	0.49157303370786515
14	task_negative	1	trust	sharedreward	0.49719101123595505
14	residualized	0	sharedreward	trust	0.5126404494382022
14	residualized	1	trust	sharedreward	0.5028089887640449
15	original	0	sharedreward	trust	0.4803370786516854
15	original	1	trust	sharedreward	0.5070224719101124
15	task_negative	0	sharedreward	trust	0.5028089887640449
15	task_negative	1	trust	sharedreward	0.5056179775280899
15	residualized	0	sharedreward	trust	0.48735955056179775
15	residualized	1	trust	sharedreward	0.5084269662921348
16	original	0	sharedreward	trust	0.476123595505618
16	original	1	trust	sharedreward	0.4691011235955056
16	task_negative	0	sharedreward	trust	0.5196629213483146
16	task_negative	1	trust	sharedreward	0.49719101123595505
16	residualized	0	sharedreward	trust	0.47331460674157305
16	residualized	1	trust	sharedreward	0.46348314606741575
17	original	0	sharedreward	trust	0.4480337078651685
17	original	1	trust	sharedreward	0.4817415730337078
17	task_negative	0	sharedreward	trust	0.5
17	task_negative	1	trust	sharedreward	0.5
17	residualized	0	sharedreward	trust	0.44803370786516855
17	residualized	1	trust	sharedreward	0.47331460674157305
18	original	0	sharedreward	trust	0.4985955056179775
18	original	1	trust	sharedreward	0.4943820224719101
18	task_negative	0	sharedreward	trust	0.4803370786516854
18	task_negative	1	trust	sharedreward	0.4887640449438202
18	residualized	0	sharedreward	trust	0.49157303370786515
18	residualized	1	trust	sharedreward	0.4943820224719101
19	original	0	sharedreward	trust	0.4929775280898876
19	original	1	trust	sharedreward	0.5112359550561798
19	task_negative	0	sharedreward	trust	0.5056179775280899
19	task_negative	1	trust	sharedreward	0.5
19	residualized	0	sharedreward	trust	0.5070224719101124
19	residualized	1	trust	sharedreward	0.5112359550561798
20	original	0	sharedreward	trust	0.5084269662921348
20	original	1	trust	sharedreward	0.5014044943820225
20	task_negative	0	sharedreward	trust	0.5393258426966292
20	task_negative	1	trust	sharedreward	0.5112359550561798
20	residualized	0	sharedreward	trust	0.5014044943820225
20	residualized	1	trust	sharedreward	0.5070224719101124
21	original	0	sharedreward	trust	0.4943820224719101
21	original	1	trust	sharedreward	0.4929775280898876
21	task_negative	0	sharedreward	trust	0.48314606741573035
21	task_negative	1	trust	sharedreward	0.4943820224719101
21	residualized	0	sharedreward	trust	0.4957865168539326
21	residualized	1	trust	sharedreward	0.4901685393258427
22	original	0	sharedreward	trust	0.5280898876404494
22	original	1	trust	sharedreward	0.5084269662921348
22	task_negative	0	sharedreward	trust	0.42134831460674155
22	task_negative	1	trust	sharedreward	0.45786516853932585
22	residualized	0	sharedreward	trust	0.5323033707865169
22	residualized	1	trust	sharedreward	0.5070224719101124
23	original	0	sharedreward	trust	0.497191011235955
23	original	1	trust	sharedreward	0.5126404494382022
23	task_negative	0	sharedreward	trust	0.5
23	task_negative	1	trust	sharedreward	0.5168539325842697
23	residualized	0	sharedreward	trust	0.4957865168539326
23	residualized	1	trust	sharedreward	0.5098314606741573
24	original	0	sharedreward	trust	0.473314606741573
24	original	1	trust	sharedreward	0.4915730337078651
24	task_negative	0	sharedreward	trust	0.5084269662921348
24	task_negative	1	trust	sharedreward	0.47191011235955055
24	residualized	0	sharedreward	trust	0.4803370786516854
24	residualized	1	trust	sharedreward	0.49297752808988765
25	original	0	sharedreward	trust	0.4901685393258427
25	original	1	trust	sharedreward	0.5042134831460674
25	task_negative	0	sharedreward	trust	0.5
25	task_negative	1	trust	sharedreward	0.5084269662921348
25	residualized	0	sharedreward	trust	0.49157303370786515
25	residualized	1	trust	sharedreward	0.5042134831460674
26	original	0	sharedreward	trust	0.497191011235955
26	original	1	trust	sharedreward	0.4943820224719101
26	task_negative	0	sharedreward	trust	0.4943820224719101
26	task_negative	1	trust	sharedreward	0.4747191011235955
26	residualized	0	sharedreward	trust	0.4957865168539326
26	residualized	1	trust	sharedreward	0.49157303370786515
27	original	0	sharedreward	trust	0.5028089887640449
27	original	1	trust	sharedreward	0.476123595505618
27	task_negative	0	sharedreward	trust	0.5112359550561798
27	task_negative	1	trust	sharedreward	0.5028089887640449
27	residualized	0	sharedreward	trust	0.5056179775280899
27	residualized	1	trust	sharedreward	0.48174157303370785
28	original	0	sharedreward	trust	0.5070224719101124
28	original	1	trust	sharedreward	0.4901685393258427
28	task_negative	0	sharedreward	trust	0.5561797752808989
28	task_negative	1	trust	sharedreward	0.5028089887640449
28	residualized	0	sharedreward	trust	0.5028089887640449
28	residualized	1	trust	sharedreward	0.4859550561797753
29	original	0	sharedreward	trust	0.5337078651685393
29	original	1	trust	sharedreward	0.5056179775280899
29	task_negative	0	sharedreward	trust	0.5084269662921348
29	task_negative	1	trust	sharedreward	0.49157303370786515
29	residualized	0	sharedreward	trust	0.5308988764044944
29	residualized	1	trust	sharedreward	0.5014044943820225
30	original	0	sharedreward	trust	0.4957865168539326
30	original	1	trust	sharedreward	0.4873595505617977
30	task_negative	0	sharedreward	trust	0.46348314606741575
30	task_negative	1	trust	sharedreward	0.48314606741573035
30	residualized	0	sharedreward	trust	0.49297752808988765
30	residualized	1	trust	sharedreward	0.48735955056179775
31	original	0	sharedreward	trust	0.4859550561797753
31	original	1	trust	sharedreward	0.523876404494382
31	task_negative	0	sharedreward	trust	0.5084269662921348
31	task_negative	1	trust	sharedreward	0.5084269662921348
31	residualized	0	sharedreward	trust	0.4901685393258427
31	residualized	1	trust	sharedreward	0.5280898876404494
32	original	0	sharedreward	trust	0.4929775280898876
32	original	1	trust	sharedreward	0.4929775280898876
32	task_negative	0	sharedreward	trust	0.4859550561797753
32	task_negative	1	trust	sharedreward	0.48314606741573035
32	residualized	0	sharedreward	trust	0.5
32	residualized	1	trust	sharedreward	0.4901685393258427
33	original	0	sharedreward	trust	0.5028089887640449
33	original	1	trust	sharedreward	0.4536516853932584
33	task_negative	0	sharedreward	trust	0.48314606741573035
33	task_negative	1	trust	sharedreward	0.4691011235955056
33	residualized	0	sharedreward	trust	0.5
33	residualized	1	trust	sharedreward	0.45365168539325845
34	original	0	sharedreward	trust	0.5084269662921348
34	original	1	trust	sharedreward	0.5140449438202247
34	task_negative	0	sharedreward	trust	0.4859550561797753
34	task_negative	1	trust	sharedreward	0.4859550561797753
34	residualized	0	sharedreward	trust	0.5084269662921348
34	residualized	1	trust	sharedreward	0.5140449438202247
35	original	0	sharedreward	trust	0.5014044943820225
35	original	1	trust	sharedreward	0.4817415730337078
35	task_negative	0	sharedreward	trust	0.4691011235955056
35	task_negative	1	trust	sharedreward	0.4859550561797753
35	residualized	0	sharedreward	trust	0.5028089887640449
35	residualized	1	trust	sharedreward	0.4845505617977528
36	original	0	sharedreward	trust	0.4887640449438202
36	original	1	trust	sharedreward	0.4592696629213483
36	task_negative	0	sharedreward	trust	0.49157303370786515
36	task_negative	1	trust	sharedreward	0.5252808988764045
36	residualized	0	sharedreward	trust	0.4845505617977528
36	residualized	1	trust	sharedreward	0.4691011235955056
37	original	0	sharedreward	trust	0.4901685393258427
37	original	1	trust	sharedreward	0.4747191011235955
37	task_negative	0	sharedreward	trust	0.49719101123595505
37	task_negative	1	trust	sharedreward	0.5
37	residualized	0	sharedreward	trust	0.49297752808988765
37	residualized	1	trust	sharedreward	0.47752808988764045
38	original	0	sharedreward	trust	0.497191011235955
38	original	1	trust	sharedreward	0.4831460674157303
38	task_negative	0	sharedreward	trust	0.5224719101123596
38	task_negative	1	trust	sharedreward	0.4691011235955056
38	residualized	0	sharedreward	trust	0.49859550561797755
38	residualized	1	trust	sharedreward	0.48735955056179775
39	original	0	sharedreward	trust	0.5098314606741573
39	original	1	trust	sharedreward	0.4845505617977528
39	task_negative	0	sharedreward	trust	0.4803370786516854
39	task_negative	1	trust	sharedreward	0.49719101123595505
39	residualized	0	sharedreward	trust	0.5042134831460674
39	residualized	1	trust	sharedreward	0.4859550561797753
40	original	0	sharedreward	trust	0.4985955056179775
40	original	1	trust	sharedreward	0.5140449438202247
40	task_negative	0	sharedreward	trust	0.4943820224719101
40	task_negative	1	trust	sharedreward	0.48314606741573035
40	residualized	0	sharedreward	trust	0.49719101123595505
40	residualized	1	trust	sharedreward	0.5098314606741573
41	original	0	sharedreward	trust	0.4691011235955056
41	original	1	trust	sharedreward	0.4536516853932584
41	task_negative	0	sharedreward	trust	0.49719101123595505
41	task_negative	1	trust	sharedreward	0.49719101123595505
41	residualized	0	sharedreward	trust	0.47191011235955055
41	residualized	1	trust	sharedreward	0.45646067415730335
42	original	0	sharedreward	trust	0.5280898876404494
42	original	1	trust	sharedreward	0.5224719101123596
42	task_negative	0	sharedreward	trust	0.5224719101123596
42	task_negative	1	trust	sharedreward	0.5140449438202247
42	residualized	0	sharedreward	trust	0.5323033707865169
42	residualized	1	trust	sharedreward	0.5154494382022472
43	original	0	sharedreward	trust	0.4817415730337078
43	original	1	trust	sharedreward	0.4676966292134831
43	task_negative	0	sharedreward	trust	0.4943820224719101
43	task_negative	1	trust	sharedreward	0.5056179775280899
43	residualized	0	sharedreward	trust	0.4901685393258427
43	residualized	1	trust	sharedreward	0.47191011235955055
44	original	0	sharedreward	trust	0.5028089887640449
44	original	1	trust	sharedreward	0.5126404494382022
44	task_negative	0	sharedreward	trust	0.5028089887640449
44	task_negative	1	trust	sharedreward	0.4297752808988764
44	residualized	0	sharedreward	trust	0.4957865168539326
44	residualized	1	trust	sharedreward	0.5126404494382022
45	original	0	sharedreward	trust	0.4901685393258427
45	original	1	trust	sharedreward	0.4929775280898876
45	task_negative	0	sharedreward	trust	0.4747191011235955
45	task_negative	1	trust	sharedreward	0.47752808988764045
45	residualized	0	sharedreward	trust	0.4887640449438202
45	residualized	1	trust	sharedreward	0.4859550561797753
46	original	0	sharedreward	trust	0.523876404494382
46	original	1	trust	sharedreward	0.5056179775280899
46	task_negative	0	sharedreward	trust	0.5084269662921348
46	task_negative	1	trust	sharedreward	0.47191011235955055
46	residualized	0	sharedreward	trust	0.5252808988764045
46	residualized	1	trust	sharedreward	0.5014044943820225
47	original	0	sharedreward	trust	0.4873595505617977
47	original	1	trust	sharedreward	0.5154494382022472
47	task_negative	0	sharedreward	trust	0.5308988764044944
47	task_negative	1	trust	sharedreward	0.5140449438202247
47	residualized	0	sharedreward	trust	0.49157303370786515
47	residualized	1	trust	sharedreward	0.5168539325842697
48	original	0	sharedreward	trust	0.4943820224719101
48	original	1	trust	sharedreward	0.5014044943820225
48	task_negative	0	sharedreward	trust	0.5393258426966292
48	task_negative	1	trust	sharedreward	0.5646067415730337
48	residualized	0	sharedreward	trust	0.49859550561797755
48	residualized	1	trust	sharedreward	0.49719101123595505
49	original	0	sharedreward	trust	0.5337078651685393
49	original	1	trust	sharedreward	0.5294943820224719
49	task_negative	0	sharedreward	trust	0.5112359550561798
49	task_negative	1	trust	sharedreward	0.5308988764044944
49	residualized	0	sharedreward	trust	0.526685393258427
49	residualized	1	trust	sharedreward	0.5280898876404494
50	original	0	sharedreward	trust	0.4873595505617977
50	original	1	trust	sharedreward	0.5014044943820225
50	task_negative	0	sharedreward	trust	0.4859550561797753
50	task_negative	1	trust	sharedreward	0.4691011235955056
50	residualized	0	sharedreward	trust	0.4803370786516854
50	residualized	1	trust	sharedreward	0.4901685393258427
51	original	0	sharedreward	trust	0.5070224719101124
51	original	1	trust	sharedreward	0.4873595505617977
51	task_negative	0	sharedreward	trust	0.4943820224719101
51	task_negative	1	trust	sharedreward	0.5140449438202247
51	residualized	0	sharedreward	trust	0.5224719101123596
51	residualized	1	trust	sharedreward	0.4901685393258427
52	original	0	sharedreward	trust	0.5070224719101124
52	original	1	trust	sharedreward	0.5028089887640449
52	task_negative	0	sharedreward	trust	0.5224719101123596
52	task_negative	1	trust	sharedreward	0.4691011235955056
52	residualized	0	sharedreward	trust	0.5028089887640449
52	residualized	1	trust	sharedreward	0.5070224719101124
53	original	0	sharedreward	trust	0.4887640449438202
53	original	1	trust	sharedreward	0.526685393258427
53	task_negative	0	sharedreward	trust	0.5196629213483146
53	task_negative	1	trust	sharedreward	0.5084269662921348
53	residualized	0	sharedreward	trust	0.4887640449438202
53	residualized	1	trust	sharedreward	0.5224719101123596
54	original	0	sharedreward	trust	0.4789325842696629
54	original	1	trust	sharedreward	0.4719101123595505
54	task_negative	0	sharedreward	trust	0.4691011235955056
54	task_negative	1	trust	sharedreward	0.4550561797752809
54	residualized	0	sharedreward	trust	0.4648876404494382
54	residualized	1	trust	sharedreward	0.4789325842696629
55	original	0	sharedreward	trust	0.4831460674157303
55	original	1	trust	sharedreward	0.4817415730337078
55	task_negative	0	sharedreward	trust	0.49157303370786515
55	task_negative	1	trust	sharedreward	0.4887640449438202
55	residualized	0	sharedreward	trust	0.4887640449438202
55	residualized	1	trust	sharedreward	0.4789325842696629
56	original	0	sharedreward	trust	0.4957865168539326
56	original	1	trust	sharedreward	0.4676966292134831
56	task_negative	0	sharedreward	trust	0.46629213483146065
56	task_negative	1	trust	sharedreward	0.5112359550561798
56	residualized	0	sharedreward	trust	0.49157303370786515
56	residualized	1	trust	sharedreward	0.46769662921348315
57	original	0	sharedreward	trust	0.5014044943820225
57	original	1	trust	sharedreward	0.5084269662921348
57	task_negative	0	sharedreward	trust	0.5646067415730337
57	task_negative	1	trust	sharedreward	0.5646067415730337
57	residualized	0	sharedreward	trust	0.5014044943820225
57	residualized	1	trust	sharedreward	0.5014044943820225
58	original	0	sharedreward	trust	0.5112359550561798
58	original	1	trust	sharedreward	0.5056179775280899
58	task_negative	0	sharedreward	trust	0.5
58	task_negative	1	trust	sharedreward	0.5028089887640449
58	residualized	0	sharedreward	trust	0.5126404494382022
58	residualized	1	trust	sharedreward	0.5028089887640449
59	original	0	sharedreward	trust	0.5140449438202247
59	original	1	trust	sharedreward	0.5280898876404494
59	task_negative	0	sharedreward	trust	0.4803370786516854
59	task_negative	1	trust	sharedreward	0.5056179775280899
59	residualized	0	sharedreward	trust	0.5126404494382022
59	residualized	1	trust	sharedreward	0.5365168539325843
60	original	0	sharedreward	trust	0.4578651685393258
60	original	1	trust	sharedreward	0.4550561797752809
60	task_negative	0	sharedreward	trust	0.5112359550561798
60	task_negative	1	trust	sharedreward	0.4747191011235955
60	residualized	0	sharedreward	trust	0.45646067415730335
60	residualized	1	trust	sharedreward	0.4550561797752809
61	original	0	sharedreward	trust	0.5042134831460674
61	original	1	trust	sharedreward	0.5154494382022472
61	task_negative	0	sharedreward	trust	0.5280898876404494
61	task_negative	1	trust	sharedreward	0.5
61	residualized	0	sharedreward	trust	0.5028089887640449
61	residualized	1	trust	sharedreward	0.5140449438202247
62	original	0	sharedreward	trust	0.5252808988764045
62	original	1	trust	sharedreward	0.5421348314606742
62	task_negative	0	sharedreward	trust	0.5056179775280899
62	task_negative	1	trust	sharedreward	0.5112359550561798
62	residualized	0	sharedreward	trust	0.5252808988764045
62	residualized	1	trust	sharedreward	0.5407303370786517
63	original	0	sharedreward	trust	0.4845505617977528
63	original	1	trust	sharedreward	0.4817415730337078
63	task_negative	0	sharedreward	trust	0.5252808988764045
63	task_negative	1	trust	sharedreward	0.48314606741573035
63	residualized	0	sharedreward	trust	0.47752808988764045
63	residualized	1	trust	sharedreward	0.47191011235955055
64	original	0	sharedreward	trust	0.5042134831460674
64	original	1	trust	sharedreward	0.4943820224719101
64	task_negative	0	sharedreward	trust	0.5196629213483146
64	task_negative	1	trust	sharedreward	0.5112359550561798
64	residualized	0	sharedreward	trust	0.5
64	residualized	1	trust	sharedreward	0.4943820224719101
65	original	0	sharedreward	trust	0.5070224719101124
65	original	1	trust	sharedreward	0.497191011235955
65	task_negative	0	sharedreward	trust	0.5280898876404494
65	task_negative	1	trust	sharedreward	0.47191011235955055
65	residualized	0	sharedreward	trust	0.5168539325842697
65	residualized	1	trust	sharedreward	0.5028089887640449
66	original	0	sharedreward	trust	0.4817415730337078
66	original	1	trust	sharedreward	0.4592696629213483
66	task_negative	0	sharedreward	trust	0.5
66	task_negative	1	trust	sharedreward	0.5421348314606742
66	residualized	0	sharedreward	trust	0.476123595505618
66	residualized	1	trust	sharedreward	0.4592696629213483
67	original	0	sharedreward	trust	0.5112359550561798
67	original	1	trust	sharedreward	0.4957865168539326
67	task_negative	0	sharedreward	trust	0.5084269662921348
67	task_negative	1	trust	sharedreward	0.5028089887640449
67	residualized	0	sharedreward	trust	0.5168539325842697
67	residualized	1	trust	sharedreward	0.4957865168539326
68	original	0	sharedreward	trust	0.5028089887640449
68	original	1	trust	sharedreward	0.526685393258427
68	task_negative	0	sharedreward	trust	0.5
68	task_negative	1	trust	sharedreward	0.5589887640449438
68	residualized	0	sharedreward	trust	0.49859550561797755
68	residualized	1	trust	sharedreward	0.5280898876404494
69	original	0	sharedreward	trust	0.5337078651685393
69	original	1	trust	sharedreward	0.5070224719101124
69	task_negative	0	sharedreward	trust	0.5252808988764045
69	task_negative	1	trust	sharedreward	0.5084269662921348
69	residualized	0	sharedreward	trust	0.5365168539325843
69	residualized	1	trust	sharedreward	0.5112359550561798
70	original	0	sharedreward	trust	0.4803370786516854
70	original	1	trust	sharedreward	0.4887640449438202
70	task_negative	0	sharedreward	trust	0.5168539325842697
70	task_negative	1	trust	sharedreward	0.5252808988764045
70	residualized	0	sharedreward	trust	0.47191011235955055
70	residualized	1	trust	sharedreward	0.48735955056179775
71	original	0	sharedreward	trust	0.4845505617977528
71	original	1	trust	sharedreward	0.5070224719101124
71	task_negative	0	sharedreward	trust	0.4747191011235955
71	task_negative	1	trust	sharedreward	0.49719101123595505
71	residualized	0	sharedreward	trust	0.4859550561797753
71	residualized	1	trust	sharedreward	0.5014044943820225
72	original	0	sharedreward	trust	0.5140449438202247
72	original	1	trust	sharedreward	0.4775280898876404
72	task_negative	0	sharedreward	trust	0.5
72	task_negative	1	trust	sharedreward	0.4859550561797753
72	residualized	0	sharedreward	trust	0.5126404494382022
72	residualized	1	trust	sharedreward	0.4803370786516854
73	original	0	sharedreward	trust	0.5042134831460674
73	original	1	trust	sharedreward	0.5294943820224719
73	task_negative	0	sharedreward	trust	0.49157303370786515
73	task_negative	1	trust	sharedreward	0.5028089887640449
73	residualized	0	sharedreward	trust	0.5140449438202247
73	residualized	1	trust	sharedreward	0.5393258426966292
74	original	0	sharedreward	trust	0.4985955056179775
74	original	1	trust	sharedreward	0.4943820224719101
74	task_negative	0	sharedreward	trust	0.5224719101123596
74	task_negative	1	trust	sharedreward	0.5393258426966292
74	residualized	0	sharedreward	trust	0.4887640449438202
74	residualized	1	trust	sharedreward	0.4859550561797753
75	original	0	sharedreward	trust	0.4943820224719101
75	original	1	trust	sharedreward	0.5014044943820225
75	task_negative	0	sharedreward	trust	0.5028089887640449
75	task_negative	1	trust	sharedreward	0.4859550561797753
75	residualized	0	sharedreward	trust	0.49157303370786515
75	residualized	1	trust	sharedreward	0.49719101123595505
76	original	0	sharedreward	trust	0.4803370786516854
76	original	1	trust	sharedreward	0.4817415730337078
76	task_negative	0	sharedreward	trust	0.5056179775280899
76	task_negative	1	trust	sharedreward	0.49157303370786515
76	residualized	0	sharedreward	trust	0.48314606741573035
76	residualized	1	trust	sharedreward	0.476123595505618
77	original	0	sharedreward	trust	0.5028089887640449
77	original	1	trust	sharedreward	0.5126404494382022
77	task_negative	0	sharedreward	trust	0.5084269662921348
77	task_negative	1	trust	sharedreward	0.49157303370786515
77	residualized	0	sharedreward	trust	0.5042134831460674
77	residualized	1	trust	sharedreward	0.5182584269662921
78	original	0	sharedreward	trust	0.4522471910112359
78	original	1	trust	sharedreward	0.4522471910112359
78	task_negative	0	sharedreward	trust	0.4943820224719101
78	task_negative	1	trust	sharedreward	0.5
78	residualized	0	sharedreward	trust	0.45786516853932585
78	residualized	1	trust	sharedreward	0.45365168539325845
79	original	0	sharedreward	trust	0.4817415730337078
79	original	1	trust	sharedreward	0.4719101123595505
79	task_negative	0	sharedreward	trust	0.5280898876404494
79	task_negative	1	trust	sharedreward	0.5308988764044944
79	residualized	0	sharedreward	trust	0.4901685393258427
79	residualized	1	trust	sharedreward	0.47191011235955055
80	original	0	sharedreward	trust	0.5323033707865169
80	original	1	trust	sharedreward	0.5365168539325843
80	task_negative	0	sharedreward	trust	0.5224719101123596
80	task_negative	1	trust	sharedreward	0.5533707865168539
80	residualized	0	sharedreward	trust	0.5323033707865169
80	residualized	1	trust	sharedreward	0.5393258426966292
81	original	0	sharedreward	trust	0.476123595505618
81	original	1	trust	sharedreward	0.476123595505618
81	task_negative	0	sharedreward	trust	0.47191011235955055
81	task_negative	1	trust	sharedreward	0.4410112359550562
81	residualized	0	sharedreward	trust	0.47752808988764045
81	residualized	1	trust	sharedreward	0.47331460674157305
82	original	0	sharedreward	trust	0.5070224719101124
82	original	1	trust	sharedreward	0.497191011235955
82	task_negative	0	sharedreward	trust	0.49719101123595505
82	task_negative	1	trust	sharedreward	0.5252808988764045
82	residualized	0	sharedreward	trust	0.5070224719101124
82	residualized	1	trust	sharedreward	0.5028089887640449
83	original	0	sharedreward	trust	0.5098314606741573
83	original	1	trust	sharedreward	0.5
83	task_negative	0	sharedreward	trust	0.5112359550561798
83	task_negative	1	trust	sharedreward	0.49719101123595505
83	residualized	0	sharedreward	trust	0.5
83	residualized	1	trust	sharedreward	0.5028089887640449
84	original	0	sharedreward	trust	0.5294943820224719
84	original	1	trust	sharedreward	0.5716292134831461
84	task_negative	0	sharedreward	trust	0.5449438202247191
84	task_negative	1	trust	sharedreward	0.5
84	residualized	0	sharedreward	trust	0.5323033707865169
84	residualized	1	trust	sharedreward	0.577247191011236
85	original	0	sharedreward	trust	0.4873595505617977
85	original	1	trust	sharedreward	0.4929775280898876
85	task_negative	0	sharedreward	trust	0.5140449438202247
85	task_negative	1	trust	sharedreward	0.49719101123595505
85	residualized	0	sharedreward	trust	0.49157303370786515
85	residualized	1	trust	sharedreward	0.48735955056179775
86	original	0	sharedreward	trust	0.5280898876404494
86	original	1	trust	sharedreward	0.5028089887640449
86	task_negative	0	sharedreward	trust	0.5
86	task_negative	1	trust	sharedreward	0.5084269662921348
86	residualized	0	sharedreward	trust	0.5280898876404494
86	residualized	1	trust	sharedreward	0.5
87	original	0	sharedreward	trust	0.4845505617977528
87	original	1	trust	sharedreward	0.4817415730337078
87	task_negative	0	sharedreward	trust	0.5084269662921348
87	task_negative	1	trust	sharedreward	0.5056179775280899
87	residualized	0	sharedreward	trust	0.4789325842696629
87	residualized	1	trust	sharedreward	0.48174157303370785
88	original	0	sharedreward	trust	0.4929775280898876
88	original	1	trust	sharedreward	0.4943820224719101
88	task_negative	0	sharedreward	trust	0.4943820224719101
88	task_negative	1	trust	sharedreward	0.49157303370786515
88	residualized	0	sharedreward	trust	0.49157303370786515
88	residualized	1	trust	sharedreward	0.49859550561797755
89	original	0	sharedreward	trust	0.5056179775280899
89	original	1	trust	sharedreward	0.5224719101123596
89	task_negative	0	sharedreward	trust	0.5168539325842697
89	task_negative	1	trust	sharedreward	0.5
89	residualized	0	sharedreward	trust	0.5
89	residualized	1	trust	sharedreward	0.5294943820224719
90	original	0	sharedreward	trust	0.4719101123595505
90	original	1	trust	sharedreward	0.497191011235955
90	task_negative	0	sharedreward	trust	0.5
90	task_negative	1	trust	sharedreward	0.5140449438202247
90	residualized	0	sharedreward	trust	0.4648876404494382
90	residualized	1	trust	sharedreward	0.4943820224719101
91	original	0	sharedreward	trust	0.4747191011235955
91	original	1	trust	sharedreward	0.5126404494382022
91	task_negative	0	sharedreward	trust	0.47752808988764045
91	task_negative	1	trust	sharedreward	0.4943820224719101
91	residualized	0	sharedreward	trust	0.47191011235955055
91	residualized	1	trust	sharedreward	0.5098314606741573
92	original	0	sharedreward	trust	0.5112359550561798
92	original	1	trust	sharedreward	0.5028089887640449
92	task_negative	0	sharedreward	trust	0.5
92	task_negative	1	trust	sharedreward	0.4747191011235955
92	residualized	0	sharedreward	trust	0.5056179775280899
92	residualized	1	trust	sharedreward	0.5
93	original	0	sharedreward	trust	0.5042134831460674
93	original	1	trust	sharedreward	0.5070224719101124
93	task_negative	0	sharedreward	trust	0.49719101123595505
93	task_negative	1	trust	sharedreward	0.5
93	residualized	0	sharedreward	trust	0.5042134831460674
93	residualized	1	trust	sharedreward	0.49859550561797755
94	original	0	sharedreward	trust	0.4929775280898876
94	original	1	trust	sharedreward	0.5042134831460674
94	task_negative	0	sharedreward	trust	0.4943820224719101
94	task_negative	1	trust	sharedreward	0.5028089887640449
94	residualized	0	sharedreward	trust	0.49859550561797755
94	residualized	1	trust	sharedreward	0.5042134831460674
95	original	0	sharedreward	trust	0.5
95	original	1	trust	sharedreward	0.5042134831460674
95	task_negative	0	sharedreward	trust	0.47752808988764045
95	task_negative	1	trust	sharedreward	0.49157303370786515
95	residualized	0	sharedreward	trust	0.4957865168539326
95	residualized	1	trust	sharedreward	0.5042134831460674
96	original	0	sharedreward	trust	0.4929775280898876
96	original	1	trust	sharedreward	0.473314606741573
96	task_negative	0	sharedreward	trust	0.5
96	task_negative	1	trust	sharedreward	0.4943820224719101
96	residualized	0	sharedreward	trust	0.4943820224719101
96	residualized	1	trust	sharedreward	0.47752808988764045
97	original	0	sharedreward	trust	0.5280898876404494
97	original	1	trust	sharedreward	0.4915730337078651
97	task_negative	0	sharedreward	trust	0.5280898876404494
97	task_negative	1	trust	sharedreward	0.5589887640449438
97	residualized	0	sharedreward	trust	0.5280898876404494
97	residualized	1	trust	sharedreward	0.4957865168539326
98	original	0	sharedreward	trust	0.4719101123595505
98	original	1	trust	sharedreward	0.5084269662921348
98	task_negative	0	sharedreward	trust	0.5
98	task_negative	1	trust	sharedreward	0.5365168539325843
98	residualized	0	sharedreward	trust	0.4859550561797753
98	residualized	1	trust	sharedreward	0.5070224719101124
99	original	0	sharedreward	trust	0.5308988764044944
99	original	1	trust	sharedreward	0.4887640449438202
99	task_negative	0	sharedreward	trust	0.5168539325842697
99	task_negative	1	trust	sharedreward	0.5168539325842697
99	residualized	0	sharedreward	trust	0.5308988764044944
99	residualized	1	trust	sharedreward	0.4845505617977528
100	original	0	sharedreward	trust	0.5098314606741573
100	original	1	trust	sharedreward	0.5084269662921348
100	task_negative	0	sharedreward	trust	0.48314606741573035
100	task_negative	1	trust	sharedreward	0.5028089887640449
100	residualized	0	sharedreward	trust	0.5084269662921348
100	residualized	1	trust	sharedreward	0.5098314606741573
101	original	0	sharedreward	trust	0.5098314606741573
101	original	1	trust	sharedreward	0.5323033707865169
101	task_negative	0	sharedreward	trust	0.5112359550561798
101	task_negative	1	trust	sharedreward	0.5
101	residualized	0	sharedreward	trust	0.5126404494382022
101	residualized	1	trust	sharedreward	0.5294943820224719
102	original	0	sharedreward	trust	0.5014044943820225
102	original	1	trust	sharedreward	0.5126404494382022
102	task_negative	0	sharedreward	trust	0.5056179775280899
102	task_negative	1	trust	sharedreward	0.5
102	residualized	0	sharedreward	trust	0.5014044943820225
102	residualized	1	trust	sharedreward	0.523876404494382
103	original	0	sharedreward	trust	0.4915730337078651
103	original	1	trust	sharedreward	0.5
103	task_negative	0	sharedreward	trust	0.46629213483146065
103	task_negative	1	trust	sharedreward	0.5028089887640449
103	residualized	0	sharedreward	trust	0.4859550561797753
103	residualized	1	trust	sharedreward	0.49297752808988765
104	original	0	sharedreward	trust	0.4817415730337078
104	original	1	trust	sharedreward	0.4845505617977528
104	task_negative	0	sharedreward	trust	0.5
104	task_negative	1	trust	sharedreward	0.5196629213483146
104	residualized	0	sharedreward	trust	0.4803370786516854
104	residualized	1	trust	sharedreward	0.4845505617977528
105	original	0	sharedreward	trust	0.4957865168539326
105	original	1	trust	sharedreward	0.5154494382022472
105	task_negative	0	sharedreward	trust	0.46629213483146065
105	task_negative	1	trust	sharedreward	0.4859550561797753
105	residualized	0	sharedreward	trust	0.4943820224719101
105	residualized	1	trust	sharedreward	0.5112359550561798
106	original	0	sharedreward	trust	0.5196629213483146
106	original	1	trust	sharedreward	0.5070224719101124
106	task_negative	0	sharedreward	trust	0.5308988764044944
106	task_negative	1	trust	sharedreward	0.4859550561797753
106	residualized	0	sharedreward	trust	0.5182584269662921
106	residualized	1	trust	sharedreward	0.5084269662921348
107	original	0	sharedreward	trust	0.5070224719101124
107	original	1	trust	sharedreward	0.4817415730337078
107	task_negative	0	sharedreward	trust	0.4943820224719101
107	task_negative	1	trust	sharedreward	0.49719101123595505
107	residualized	0	sharedreward	trust	0.5084269662921348
107	residualized	1	trust	sharedreward	0.4845505617977528
108	original	0	sharedreward	trust	0.4817415730337078
108	original	1	trust	sharedreward	0.5042134831460674
108	task_negative	0	sharedreward	trust	0.4943820224719101
108	task_negative	1	trust	sharedreward	0.5
108	residualized	0	sharedreward	trust	0.4845505617977528
108	residualized	1	trust	sharedreward	0.5014044943820225
109	original	0	sharedreward	trust	0.5098314606741573
109	original	1	trust	sharedreward	0.4929775280898876
109	task_negative	0	sharedreward	trust	0.5421348314606742
109	task_negative	1	trust	sharedreward	0.5224719101123596
109	residualized	0	sharedreward	trust	0.5056179775280899
109	residualized	1	trust	sharedreward	0.4957865168539326
110	original	0	sharedreward	trust	0.5112359550561798
110	original	1	trust	sharedreward	0.5393258426966292
110	task_negative	0	sharedreward	trust	0.5224719101123596
110	task_negative	1	trust	sharedreward	0.5308988764044944
110	residualized	0	sharedreward	trust	0.5224719101123596
110	residualized	1	trust	sharedreward	0.5365168539325843
111	original	0	sharedreward	trust	0.497191011235955
111	original	1	trust	sharedreward	0.5126404494382022
111	task_negative	0	sharedreward	trust	0.47191011235955055
111	task_negative	1	trust	sharedreward	0.5028089887640449
111	residualized	0	sharedreward	trust	0.49157303370786515
111	residualized	1	trust	sharedreward	0.5112359550561798
112	original	0	sharedreward	trust	0.5154494382022472
112	original	1	trust	sharedreward	0.5365168539325843
112	task_negative	0	sharedreward	trust	0.49157303370786515
112	task_negative	1	trust	sharedreward	0.48314606741573035
112	residualized	0	sharedreward	trust	0.5196629213483146
112	residualized	1	trust	sharedreward	0.5323033707865169
113	original	0	sharedreward	trust	0.5168539325842697
113	original	1	trust	sharedreward	0.4957865168539326
113	task_negative	0	sharedreward	trust	0.4943820224719101
113	task_negative	1	trust	sharedreward	0.5252808988764045
113	residualized	0	sharedreward	trust	0.5168539325842697
113	residualized	1	trust	sharedreward	0.49719101123595505
114	original	0	sharedreward	trust	0.4845505617977528
114	original	1	trust	sharedreward	0.5154494382022472
114	task_negative	0	sharedreward	trust	0.5168539325842697
114	task_negative	1	trust	sharedreward	0.5056179775280899
114	residualized	0	sharedreward	trust	0.48174157303370785
114	residualized	1	trust	sharedreward	0.5140449438202247
115	original	0	sharedreward	trust	0.5280898876404494
115	original	1	trust	sharedreward	0.5070224719101124
115	task_negative	0	sharedreward	trust	0.5
115	task_negative	1	trust	sharedreward	0.4943820224719101
115	residualized	0	sharedreward	trust	0.523876404494382
115	residualized	1	trust	sharedreward	0.5098314606741573
116	original	0	sharedreward	trust	0.4915730337078651
116	original	1	trust	sharedreward	0.4901685393258427
116	task_negative	0	sharedreward	trust	0.5
116	task_negative	1	trust	sharedreward	0.4747191011235955
116	residualized	0	sharedreward	trust	0.49157303370786515
116	residualized	1	trust	sharedreward	0.4859550561797753
117	original	0	sharedreward	trust	0.5112359550561798
117	original	1	trust	sharedreward	0.5056179775280899
117	task_negative	0	sharedreward	trust	0.4353932584269663
117	task_negative	1	trust	sharedreward	0.4803370786516854
117	residualized	0	sharedreward	trust	0.5182584269662921
117	residualized	1	trust	sharedreward	0.5070224719101124
118	original	0	sharedreward	trust	0.4873595505617977
118	original	1	trust	sharedreward	0.5
118	task_negative	0	sharedreward	trust	0.5308988764044944
118	task_negative	1	trust	sharedreward	0.5140449438202247
118	residualized	0	sharedreward	trust	0.4845505617977528
118	residualized	1	trust	sharedreward	0.49719101123595505
119	original	0	sharedreward	trust	0.4578651685393258
119	original	1	trust	sharedreward	0.476123595505618
119	task_negative	0	sharedreward	trust	0.46348314606741575
119	task_negative	1	trust	sharedreward	0.48314606741573035
119	residualized	0	sharedreward	trust	0.4592696629213483
119	residualized	1	trust	sharedreward	0.4747191011235955
120	original	0	sharedreward	trust	0.5112359550561798
120	original	1	trust	sharedreward	0.5126404494382022
120	task_negative	0	sharedreward	trust	0.5280898876404494
120	task_negative	1	trust	sharedreward	0.5140449438202247
120	residualized	0	sharedreward	trust	0.5224719101123596
120	residualized	1	trust	sharedreward	0.5196629213483146
121	original	0	sharedreward	trust	0.4915730337078651
121	original	1	trust	sharedreward	0.5042134831460674
121	task_negative	0	sharedreward	trust	0.4943820224719101
121	task_negative	1	trust	sharedreward	0.4691011235955056
121	residualized	0	sharedreward	trust	0.4943820224719101
121	residualized	1	trust	sharedreward	0.5098314606741573
122	original	0	sharedreward	trust	0.4775280898876404
122	original	1	trust	sharedreward	0.4775280898876404
122	task_negative	0	sharedreward	trust	0.5
122	task_negative	1	trust	sharedreward	0.5
122	residualized	0	sharedreward	trust	0.476123595505618
122	residualized	1	trust	sharedreward	0.47191011235955055
123	original	0	sharedreward	trust	0.5042134831460674
123	original	1	trust	sharedreward	0.5210674157303371
123	task_negative	0	sharedreward	trust	0.5
123	task_negative	1	trust	sharedreward	0.47191011235955055
123	residualized	0	sharedreward	trust	0.5042134831460674
123	residualized	1	trust	sharedreward	0.5168539325842697
124	original	0	sharedreward	trust	0.4985955056179775
124	original	1	trust	sharedreward	0.5084269662921348
124	task_negative	0	sharedreward	trust	0.5
124	task_negative	1	trust	sharedreward	0.5056179775280899
124	residualized	0	sharedreward	trust	0.49157303370786515
124	residualized	1	trust	sharedreward	0.5112359550561798
125	original	0	sharedreward	trust	0.5042134831460674
125	original	1	trust	sharedreward	0.5098314606741573
125	task_negative	0	sharedreward	trust	0.5084269662921348
125	task_negative	1	trust	sharedreward	0.4943820224719101
125	residualized	0	sharedreward	trust	0.49859550561797755
125	residualized	1	trust	sharedreward	0.5
126	original	0	sharedreward	trust	0.4789325842696629
126	original	1	trust	sharedreward	0.5070224719101124
126	task_negative	0	sharedreward	trust	0.5
126	task_negative	1	trust	sharedreward	0.45786516853932585
126	residualized	0	sharedreward	trust	0.48314606741573035
126	residualized	1	trust	sharedreward	0.5196629213483146
127	original	0	sharedreward	trust	0.4803370786516854
127	original	1	trust	sharedreward	0.4873595505617977
127	task_negative	0	sharedreward	trust	0.47191011235955055
127	task_negative	1	trust	sharedreward	0.4887640449438202
127	residualized	0	sharedreward	trust	0.476123595505618
127	residualized	1	trust	sharedreward	0.49157303370786515
128	original	0	sharedreward	trust	0.5126404494382022
128	original	1	trust	sharedreward	0.5112359550561798
128	task_negative	0	sharedreward	trust	0.5
128	task_negative	1	trust	sharedreward	0.5
128	residualized	0	sharedreward	trust	0.5224719101123596
128	residualized	1	trust	sharedreward	0.5154494382022472
129	original	0	sharedreward	trust	0.5084269662921348
129	original	1	trust	sharedreward	0.5196629213483146
129	task_negative	0	sharedreward	trust	0.47191011235955055
129	task_negative	1	trust	sharedreward	0.5196629213483146
129	residualized	0	sharedreward	trust	0.5084269662921348
129	residualized	1	trust	sharedreward	0.5224719101123596
130	original	0	sharedreward	trust	0.5379213483146067
130	original	1	trust	sharedreward	0.5098314606741573
130	task_negative	0	sharedreward	trust	0.5
130	task_negative	1	trust	sharedreward	0.5
130	residualized	0	sharedreward	trust	0.5393258426966292
130	residualized	1	trust	sharedreward	0.5042134831460674
131	original	0	sharedreward	trust	0.4873595505617977
131	original	1	trust	sharedreward	0.4789325842696629
131	task_negative	0	sharedreward	trust	0.49157303370786515
131	task_negative	1	trust	sharedreward	0.5028089887640449
131	residualized	0	sharedreward	trust	0.48174157303370785
131	residualized	1	trust	sharedreward	0.476123595505618
132	original	0	sharedreward	trust	0.526685393258427
132	original	1	trust	sharedreward	0.5393258426966292
132	task_negative	0	sharedreward	trust	0.47191011235955055
132	task_negative	1	trust	sharedreward	0.4606741573033708
132	residualized	0	sharedreward	trust	0.5308988764044944
132	residualized	1	trust	sharedreward	0.5393258426966292
133	original	0	sharedreward	trust	0.4831460674157303
133	original	1	trust	sharedreward	0.4859550561797753
133	task_negative	0	sharedreward	trust	0.5084269662921348
133	task_negative	1	trust	sharedreward	0.49157303370786515
133	residualized	0	sharedreward	trust	0.47752808988764045
133	residualized	1	trust	sharedreward	0.4859550561797753
134	original	0	sharedreward	trust	0.473314606741573
134	original	1	trust	sharedreward	0.5056179775280899
134	task_negative	0	sharedreward	trust	0.5
134	task_negative	1	trust	sharedreward	0.49719101123595505
134	residualized	0	sharedreward	trust	0.47191011235955055
134	residualized	1	trust	sharedreward	0.49719101123595505
135	original	0	sharedreward	trust	0.5098314606741573
135	original	1	trust	sharedreward	0.526685393258427
135	task_negative	0	sharedreward	trust	0.4859550561797753
135	task_negative	1	trust	sharedreward	0.5
135	residualized	0	sharedreward	trust	0.5126404494382022
135	residualized	1	trust	sharedreward	0.5210674157303371
136	original	0	sharedreward	trust	0.4943820224719101
136	original	1	trust	sharedreward	0.5014044943820225
136	task_negative	0	sharedreward	trust	0.5084269662921348
136	task_negative	1	trust	sharedreward	0.4803370786516854
136	residualized	0	sharedreward	trust	0.48735955056179775
136	residualized	1	trust	sharedreward	0.49859550561797755
137	original	0	sharedreward	trust	0.4775280898876404
137	original	1	trust	sharedreward	0.4901685393258427
137	task_negative	0	sharedreward	trust	0.46348314606741575
137	task_negative	1	trust	sharedreward	0.5028089887640449
137	residualized	0	sharedreward	trust	0.48174157303370785
137	residualized	1	trust	sharedreward	0.4957865168539326
138	original	0	sharedreward	trust	0.5308988764044944
138	original	1	trust	sharedreward	0.5393258426966292
138	task_negative	0	sharedreward	trust	0.5168539325842697
138	task_negative	1	trust	sharedreward	0.5421348314606742
138	residualized	0	sharedreward	trust	0.5294943820224719
138	residualized	1	trust	sharedreward	0.5365168539325843
139	original	0	sharedreward	trust	0.5154494382022472
139	original	1	trust	sharedreward	0.5028089887640449
139	task_negative	0	sharedreward	trust	0.5196629213483146
139	task_negative	1	trust	sharedreward	0.4747191011235955
139	residualized	0	sharedreward	trust	0.5168539325842697
139	residualized	1	trust	sharedreward	0.49297752808988765
140	original	0	sharedreward	trust	0.5042134831460674
140	original	1	trust	sharedreward	0.4929775280898876
140	task_negative	0	sharedreward	trust	0.5
140	task_negative	1	trust	sharedreward	0.5
140	residualized	0	sharedreward	trust	0.4943820224719101
140	residualized	1	trust	sharedreward	0.5014044943820225
141	original	0	sharedreward	trust	0.497191011235955
141	original	1	trust	sharedreward	0.4789325842696629
141	task_negative	0	sharedreward	trust	0.49719101123595505
141	task_negative	1	trust	sharedreward	0.5
141	residualized	0	sharedreward	trust	0.5028089887640449
141	residualized	1	trust	sharedreward	0.4789325842696629
142	original	0	sharedreward	trust	0.5098314606741573
142	original	1	trust	sharedreward	0.526685393258427
142	task_negative	0	sharedreward	trust	0.5140449438202247
142	task_negative	1	trust	sharedreward	0.5084269662921348
142	residualized	0	sharedreward	trust	0.49719101123595505
142	residualized	1	trust	sharedreward	0.5210674157303371
143	original	0	sharedreward	trust	0.4719101123595505
143	original	1	trust	sharedreward	0.4578651685393258
143	task_negative	0	sharedreward	trust	0.5
143	task_negative	1	trust	sharedreward	0.5084269662921348
143	residualized	0	sharedreward	trust	0.4789325842696629
143	residualized	1	trust	sharedreward	0.4508426966292135
144	original	0	sharedreward	trust	0.4845505617977528
144	original	1	trust	sharedreward	0.4957865168539326
144	task_negative	0	sharedreward	trust	0.4943820224719101
144	task_negative	1	trust	sharedreward	0.5112359550561798
144	residualized	0	sharedreward	trust	0.48174157303370785
144	residualized	1	trust	sharedreward	0.5
145	original	0	sharedreward	trust	0.4662921348314606
145	original	1	trust	sharedreward	0.4705056179775281
145	task_negative	0	sharedreward	trust	0.5
145	task_negative	1	trust	sharedreward	0.4859550561797753
145	residualized	0	sharedreward	trust	0.4705056179775281
145	residualized	1	trust	sharedreward	0.4705056179775281
146	original	0	sharedreward	trust	0.4606741573033708
146	original	1	trust	sharedreward	0.4929775280898876
146	task_negative	0	sharedreward	trust	0.4803370786516854
146	task_negative	1	trust	sharedreward	0.49719101123595505
146	residualized	0	sharedreward	trust	0.46348314606741575
146	residualized	1	trust	sharedreward	0.49297752808988765
147	original	0	sharedreward	trust	0.5126404494382022
147	original	1	trust	sharedreward	0.4901685393258427
147	task_negative	0	sharedreward	trust	0.5056179775280899
147	task_negative	1	trust	sharedreward	0.5084269662921348
147	residualized	0	sharedreward	trust	0.5168539325842697
147	residualized	1	trust	sharedreward	0.49157303370786515
148	original	0	sharedreward	trust	0.5323033707865169
148	original	1	trust	sharedreward	0.5168539325842697
148	task_negative	0	sharedreward	trust	0.5112359550561798
148	task_negative	1	trust	sharedreward	0.5280898876404494
148	residualized	0	sharedreward	trust	0.5351123595505618
148	residualized	1	trust	sharedreward	0.5210674157303371
149	original	0	sharedreward	trust	0.4845505617977528
149	original	1	trust	sharedreward	0.4831460674157303
149	task_negative	0	sharedreward	trust	0.49719101123595505
149	task_negative	1	trust	sharedreward	0.5
149	residualized	0	sharedreward	trust	0.48174157303370785
149	residualized	1	trust	sharedreward	0.4859550561797753
150	original	0	sharedreward	trust	0.5280898876404494
150	original	1	trust	sharedreward	0.5323033707865169
150	task_negative	0	sharedreward	trust	0.5
150	task_negative	1	trust	sharedreward	0.5056179775280899
150	residualized	0	sharedreward	trust	0.5294943820224719
150	residualized	1	trust	sharedreward	0.5308988764044944
151	original	0	sharedreward	trust	0.5252808988764045
151	original	1	trust	sharedreward	0.5365168539325843
151	task_negative	0	sharedreward	trust	0.5337078651685393
151	task_negative	1	trust	sharedreward	0.5365168539325843
151	residualized	0	sharedreward	trust	0.5294943820224719
151	residualized	1	trust	sharedreward	0.5308988764044944
152	original	0	sharedreward	trust	0.5126404494382022
152	original	1	trust	sharedreward	0.5182584269662921
152	task_negative	0	sharedreward	trust	0.4943820224719101
152	task_negative	1	trust	sharedreward	0.5
152	residualized	0	sharedreward	trust	0.5098314606741573
152	residualized	1	trust	sharedreward	0.5196629213483146
153	original	0	sharedreward	trust	0.5154494382022472
153	original	1	trust	sharedreward	0.5280898876404494
153	task_negative	0	sharedreward	trust	0.46629213483146065
153	task_negative	1	trust	sharedreward	0.4803370786516854
153	residualized	0	sharedreward	trust	0.5112359550561798
153	residualized	1	trust	sharedreward	0.523876404494382
154	original	0	sharedreward	trust	0.5098314606741573
154	original	1	trust	sharedreward	0.5294943820224719
154	task_negative	0	sharedreward	trust	0.4943820224719101
154	task_negative	1	trust	sharedreward	0.4887640449438202
154	residualized	0	sharedreward	trust	0.5224719101123596
154	residualized	1	trust	sharedreward	0.5252808988764045
155	original	0	sharedreward	trust	0.4929775280898876
155	original	1	trust	sharedreward	0.497191011235955
155	task_negative	0	sharedreward	trust	0.5
155	task_negative	1	trust	sharedreward	0.47191011235955055
155	residualized	0	sharedreward	trust	0.48735955056179775
155	residualized	1	trust	sharedreward	0.4957865168539326
156	original	0	sharedreward	trust	0.4691011235955056
156	original	1	trust	sharedreward	0.4719101123595505
156	task_negative	0	sharedreward	trust	0.5
156	task_negative	1	trust	sharedreward	0.4747191011235955
156	residualized	0	sharedreward	trust	0.4705056179775281
156	residualized	1	trust	sharedreward	0.47752808988764045
157	original	0	sharedreward	trust	0.5042134831460674
157	original	1	trust	sharedreward	0.5042134831460674
157	task_negative	0	sharedreward	trust	0.4859550561797753
157	task_negative	1	trust	sharedreward	0.5028089887640449
157	residualized	0	sharedreward	trust	0.49157303370786515
157	residualized	1	trust	sharedreward	0.5042134831460674
158	original	0	sharedreward	trust	0.5294943820224719
158	original	1	trust	sharedreward	0.5042134831460674
158	task_negative	0	sharedreward	trust	0.4887640449438202
158	task_negative	1	trust	sharedreward	0.4859550561797753
158	residualized	0	sharedreward	trust	0.5337078651685393
158	residualized	1	trust	sharedreward	0.5070224719101124
159	original	0	sharedreward	trust	0.4943820224719101
159	original	1	trust	sharedreward	0.5042134831460674
159	task_negative	0	sharedreward	trust	0.5140449438202247
159	task_negative	1	trust	sharedreward	0.5140449438202247
159	residualized	0	sharedreward	trust	0.4887640449438202
159	residualized	1	trust	sharedreward	0.5084269662921348
160	original	0	sharedreward	trust	0.4901685393258427
160	original	1	trust	sharedreward	0.4901685393258427
160	task_negative	0	sharedreward	trust	0.5
160	task_negative	1	trust	sharedreward	0.5168539325842697
160	residualized	0	sharedreward	trust	0.4859550561797753
160	residualized	1	trust	sharedreward	0.5
161	original	0	sharedreward	trust	0.4676966292134831
161	original	1	trust	sharedreward	0.4873595505617977
161	task_negative	0	sharedreward	trust	0.5
161	task_negative	1	trust	sharedreward	0.5308988764044944
161	residualized	0	sharedreward	trust	0.47191011235955055
161	residualized	1	trust	sharedreward	0.4789325842696629
162	original	0	sharedreward	trust	0.5056179775280899
162	original	1	trust	sharedreward	0.5084269662921348
162	task_negative	0	sharedreward	trust	0.5393258426966292
162	task_negative	1	trust	sharedreward	0.5084269662921348
162	residualized	0	sharedreward	trust	0.5028089887640449
162	residualized	1	trust	sharedreward	0.5070224719101124
163	original	0	sharedreward	trust	0.4817415730337078
163	original	1	trust	sharedreward	0.4705056179775281
163	task_negative	0	sharedreward	trust	0.47191011235955055
163	task_negative	1	trust	sharedreward	0.45224719101123595
163	residualized	0	sharedreward	trust	0.4803370786516854
163	residualized	1	trust	sharedreward	0.47331460674157305
164	original	0	sharedreward	trust	0.5252808988764045
164	original	1	trust	sharedreward	0.4859550561797753
164	task_negative	0	sharedreward	trust	0.5140449438202247
164	task_negative	1	trust	sharedreward	0.547752808988764
164	residualized	0	sharedreward	trust	0.5210674157303371
164	residualized	1	trust	sharedreward	0.49157303370786515
165	original	0	sharedreward	trust	0.5084269662921348
165	original	1	trust	sharedreward	0.5042134831460674
165	task_negative	0	sharedreward	trust	0.5168539325842697
165	task_negative	1	trust	sharedreward	0.5084269662921348
165	residualized	0	sharedreward	trust	0.5098314606741573
165	residualized	1	trust	sharedreward	0.5070224719101124
166	original	0	sharedreward	trust	0.5323033707865169
166	original	1	trust	sharedreward	0.5252808988764045
166	task_negative	0	sharedreward	trust	0.5393258426966292
166	task_negative	1	trust	sharedreward	0.5337078651685393
166	residualized	0	sharedreward	trust	0.5351123595505618
166	residualized	1	trust	sharedreward	0.5154494382022472
167	original	0	sharedreward	trust	0.4662921348314606
167	original	1	trust	sharedreward	0.4803370786516854
167	task_negative	0	sharedreward	trust	0.5280898876404494
167	task_negative	1	trust	sharedreward	0.5365168539325843
167	residualized	0	sharedreward	trust	0.47191011235955055
167	residualized	1	trust	sharedreward	0.476123595505618
168	original	0	sharedreward	trust	0.5084269662921348
168	original	1	trust	sharedreward	0.5014044943820225
168	task_negative	0	sharedreward	trust	0.5
168	task_negative	1	trust	sharedreward	0.49157303370786515
168	residualized	0	sharedreward	trust	0.5070224719101124
168	residualized	1	trust	sharedreward	0.4957865168539326
169	original	0	sharedreward	trust	0.5042134831460674
169	original	1	trust	sharedreward	0.5098314606741573
169	task_negative	0	sharedreward	trust	0.49719101123595505
169	task_negative	1	trust	sharedreward	0.5
169	residualized	0	sharedreward	trust	0.5112359550561798
169	residualized	1	trust	sharedreward	0.5056179775280899
170	original	0	sharedreward	trust	0.476123595505618
170	original	1	trust	sharedreward	0.5098314606741573
170	task_negative	0	sharedreward	trust	0.4887640449438202
170	task_negative	1	trust	sharedreward	0.4747191011235955
170	residualized	0	sharedreward	trust	0.4691011235955056
170	residualized	1	trust	sharedreward	0.5084269662921348
171	original	0	sharedreward	trust	0.4606741573033708
171	original	1	trust	sharedreward	0.4775280898876404
171	task_negative	0	sharedreward	trust	0.49719101123595505
171	task_negative	1	trust	sharedreward	0.5028089887640449
171	residualized	0	sharedreward	trust	0.46769662921348315
171	residualized	1	trust	sharedreward	0.47191011235955055
172	original	0	sharedreward	trust	0.5126404494382022
172	original	1	trust	sharedreward	0.5
172	task_negative	0	sharedreward	trust	0.5168539325842697
172	task_negative	1	trust	sharedreward	0.5056179775280899
172	residualized	0	sharedreward	trust	0.5126404494382022
172	residualized	1	trust	sharedreward	0.4957865168539326
173	original	0	sharedreward	trust	0.5126404494382022
173	original	1	trust	sharedreward	0.4887640449438202
173	task_negative	0	sharedreward	trust	0.5168539325842697
173	task_negative	1	trust	sharedreward	0.5365168539325843
173	residualized	0	sharedreward	trust	0.5084269662921348
173	residualized	1	trust	sharedreward	0.49157303370786515
174	original	0	sharedreward	trust	0.4859550561797753
174	original	1	trust	sharedreward	0.5154494382022472
174	task_negative	0	sharedreward	trust	0.4691011235955056
174	task_negative	1	trust	sharedreward	0.449438202247191
174	residualized	0	sharedreward	trust	0.4887640449438202
174	residualized	1	trust	sharedreward	0.5140449438202247
175	original	0	sharedreward	trust	0.4859550561797753
175	original	1	trust	sharedreward	0.4915730337078651
175	task_negative	0	sharedreward	trust	0.5056179775280899
175	task_negative	1	trust	sharedreward	0.5056179775280899
175	residualized	0	sharedreward	trust	0.48174157303370785
175	residualized	1	trust	sharedreward	0.4845505617977528
176	original	0	sharedreward	trust	0.4859550561797753
176	original	1	trust	sharedreward	0.4915730337078651
176	task_negative	0	sharedreward	trust	0.49157303370786515
176	task_negative	1	trust	sharedreward	0.4747191011235955
176	residualized	0	sharedreward	trust	0.4901685393258427
176	residualized	1	trust	sharedreward	0.48735955056179775
177	original	0	sharedreward	trust	0.5
177	original	1	trust	sharedreward	0.5112359550561798
177	task_negative	0	sharedreward	trust	0.5
177	task_negative	1	trust	sharedreward	0.5028089887640449
177	residualized	0	sharedreward	trust	0.5
177	residualized	1	trust	sharedreward	0.5126404494382022
178	original	0	sharedreward	trust	0.5168539325842697
178	original	1	trust	sharedreward	0.4873595505617977
178	task_negative	0	sharedreward	trust	0.5140449438202247
178	task_negative	1	trust	sharedreward	0.5196629213483146
178	residualized	0	sharedreward	trust	0.5070224719101124
178	residualized	1	trust	sharedreward	0.4943820224719101
179	original	0	sharedreward	trust	0.4817415730337078
179	original	1	trust	sharedreward	0.5098314606741573
179	task_negative	0	sharedreward	trust	0.5393258426966292
179	task_negative	1	trust	sharedreward	0.4859550561797753
179	residualized	0	sharedreward	trust	0.4845505617977528
179	residualized	1	trust	sharedreward	0.5098314606741573
180	original	0	sharedreward	trust	0.4803370786516854
180	original	1	trust	sharedreward	0.5070224719101124
180	task_negative	0	sharedreward	trust	0.5308988764044944
180	task_negative	1	trust	sharedreward	0.5196629213483146
180	residualized	0	sharedreward	trust	0.4845505617977528
180	residualized	1	trust	sharedreward	0.5084269662921348
181	original	0	sharedreward	trust	0.5393258426966292
181	original	1	trust	sharedreward	0.5323033707865169
181	task_negative	0	sharedreward	trust	0.5056179775280899
181	task_negative	1	trust	sharedreward	0.4943820224719101
181	residualized	0	sharedreward	trust	0.5379213483146067
181	residualized	1	trust	sharedreward	0.5351123595505618
182	original	0	sharedreward	trust	0.4901685393258427
182	original	1	trust	sharedreward	0.5351123595505618
182	task_negative	0	sharedreward	trust	0.5056179775280899
182	task_negative	1	trust	sharedreward	0.46629213483146065
182	residualized	0	sharedreward	trust	0.49157303370786515
182	residualized	1	trust	sharedreward	0.5323033707865169
183	original	0	sharedreward	trust	0.4915730337078651
183	original	1	trust	sharedreward	0.5
183	task_negative	0	sharedreward	trust	0.49719101123595505
183	task_negative	1	trust	sharedreward	0.4887640449438202
183	residualized	0	sharedreward	trust	0.4887640449438202
183	residualized	1	trust	sharedreward	0.5084269662921348
184	original	0	sharedreward	trust	0.4845505617977528
184	original	1	trust	sharedreward	0.4873595505617977
184	task_negative	0	sharedreward	trust	0.5056179775280899
184	task_negative	1	trust	sharedreward	0.5224719101123596
184	residualized	0	sharedreward	trust	0.4789325842696629
184	residualized	1	trust	sharedreward	0.4859550561797753
185	original	0	sharedreward	trust	0.4817415730337078
185	original	1	trust	sharedreward	0.4705056179775281
185	task_negative	0	sharedreward	trust	0.5
185	task_negative	1	trust	sharedreward	0.5028089887640449
185	residualized	0	sharedreward	trust	0.4901685393258427
185	residualized	1	trust	sharedreward	0.476123595505618
186	original	0	sharedreward	trust	0.5252808988764045
186	original	1	trust	sharedreward	0.5182584269662921
186	task_negative	0	sharedreward	trust	0.49719101123595505
186	task_negative	1	trust	sharedreward	0.48314606741573035
186	residualized	0	sharedreward	trust	0.5294943820224719
186	residualized	1	trust	sharedreward	0.5182584269662921
187	original	0	sharedreward	trust	0.5196629213483146
187	original	1	trust	sharedreward	0.526685393258427
187	task_negative	0	sharedreward	trust	0.49157303370786515
187	task_negative	1	trust	sharedreward	0.49719101123595505
187	residualized	0	sharedreward	trust	0.5252808988764045
187	residualized	1	trust	sharedreward	0.5224719101123596
188	original	0	sharedreward	trust	0.5182584269662921
188	original	1	trust	sharedreward	0.497191011235955
188	task_negative	0	sharedreward	trust	0.5056179775280899
188	task_negative	1	trust	sharedreward	0.5533707865168539
188	residualized	0	sharedreward	trust	0.5182584269662921
188	residualized	1	trust	sharedreward	0.4957865168539326
189	original	0	sharedreward	trust	0.5
189	original	1	trust	sharedreward	0.5042134831460674
189	task_negative	0	sharedreward	trust	0.547752808988764
189	task_negative	1	trust	sharedreward	0.5533707865168539
189	residualized	0	sharedreward	trust	0.49859550561797755
189	residualized	1	trust	sharedreward	0.4943820224719101
190	original	0	sharedreward	trust	0.5028089887640449
190	original	1	trust	sharedreward	0.4817415730337078
190	task_negative	0	sharedreward	trust	0.5337078651685393
190	task_negative	1	trust	sharedreward	0.5252808988764045
190	residualized	0	sharedreward	trust	0.5098314606741573
190	residualized	1	trust	sharedreward	0.48174157303370785
191	original	0	sharedreward	trust	0.5379213483146067
191	original	1	trust	sharedreward	0.526685393258427
191	task_negative	0	sharedreward	trust	0.49719101123595505
191	task_negative	1	trust	sharedreward	0.5084269662921348
191	residualized	0	sharedreward	trust	0.5365168539325843
191	residualized	1	trust	sharedreward	0.526685393258427
192	original	0	sharedreward	trust	0.4817415730337078
192	original	1	trust	sharedreward	0.4691011235955056
192	task_negative	0	sharedreward	trust	0.5280898876404494
192	task_negative	1	trust	sharedreward	0.5168539325842697
192	residualized	0	sharedreward	trust	0.47752808988764045
192	residualized	1	trust	sharedreward	0.47191011235955055
193	original	0	sharedreward	trust	0.5154494382022472
193	original	1	trust	sharedreward	0.4957865168539326
193	task_negative	0	sharedreward	trust	0.5056179775280899
193	task_negative	1	trust	sharedreward	0.5252808988764045
193	residualized	0	sharedreward	trust	0.5196629213483146
193	residualized	1	trust	sharedreward	0.4901685393258427
194	original	0	sharedreward	trust	0.4943820224719101
194	original	1	trust	sharedreward	0.5056179775280899
194	task_negative	0	sharedreward	trust	0.5140449438202247
194	task_negative	1	trust	sharedreward	0.5084269662921348
194	residualized	0	sharedreward	trust	0.49719101123595505
194	residualized	1	trust	sharedreward	0.5070224719101124
195	original	0	sharedreward	trust	0.5140449438202247
195	original	1	trust	sharedreward	0.5084269662921348
195	task_negative	0	sharedreward	trust	0.5
195	task_negative	1	trust	sharedreward	0.5196629213483146
195	residualized	0	sharedreward	trust	0.5126404494382022
195	residualized	1	trust	sharedreward	0.5126404494382022
196	original	0	sharedreward	trust	0.526685393258427
196	original	1	trust	sharedreward	0.5365168539325843
196	task_negative	0	sharedreward	trust	0.5140449438202247
196	task_negative	1	trust	sharedreward	0.5365168539325843
196	residualized	0	sharedreward	trust	0.5323033707865169
196	residualized	1	trust	sharedreward	0.5365168539325843
197	original	0	sharedreward	trust	0.5365168539325843
197	original	1	trust	sharedreward	0.5112359550561798
197	task_negative	0	sharedreward	trust	0.5112359550561798
197	task_negative	1	trust	sharedreward	0.4803370786516854
197	residualized	0	sharedreward	trust	0.5351123595505618
197	residualized	1	trust	sharedreward	0.5014044943820225
198	original	0	sharedreward	trust	0.4859550561797753
198	original	1	trust	sharedreward	0.4803370786516854
198	task_negative	0	sharedreward	trust	0.5280898876404494
198	task_negative	1	trust	sharedreward	0.4859550561797753
198	residualized	0	sharedreward	trust	0.4789325842696629
198	residualized	1	trust	sharedreward	0.48174157303370785
199	original	0	sharedreward	trust	0.4915730337078651
199	original	1	trust	sharedreward	0.5084269662921348
199	task_negative	0	sharedreward	trust	0.5280898876404494
199	task_negative	1	trust	sharedreward	0.5140449438202247
199	residualized	0	sharedreward	trust	0.5042134831460674
199	residualized	1	trust	sharedreward	0.5056179775280899
200	original	0	sharedreward	trust	0.497191011235955
200	original	1	trust	sharedreward	0.5070224719101124
200	task_negative	0	sharedreward	trust	0.5
200	task_negative	1	trust	sharedreward	0.4943820224719101
200	residualized	0	sharedreward	trust	0.4957865168539326
200	residualized	1	trust	sharedreward	0.5056179775280899
201	original	0	sharedreward	trust	0.4915730337078651
201	original	1	trust	sharedreward	0.4845505617977528
201	task_negative	0	sharedreward	trust	0.5168539325842697
201	task_negative	1	trust	sharedreward	0.5308988764044944
201	residualized	0	sharedreward	trust	0.49157303370786515
201	residualized	1	trust	sharedreward	0.4845505617977528
202	original	0	sharedreward	trust	0.5168539325842697
202	original	1	trust	sharedreward	0.5168539325842697
202	task_negative	0	sharedreward	trust	0.5449438202247191
202	task_negative	1	trust	sharedreward	0.5140449438202247
202	residualized	0	sharedreward	trust	0.5280898876404494
202	residualized	1	trust	sharedreward	0.5224719101123596
203	original	0	sharedreward	trust	0.5168539325842697
203	original	1	trust	sharedreward	0.4859550561797753
203	task_negative	0	sharedreward	trust	0.5224719101123596
203	task_negative	1	trust	sharedreward	0.5
203	residualized	0	sharedreward	trust	0.5196629213483146
203	residualized	1	trust	sharedreward	0.4901685393258427
204	original	0	sharedreward	trust	0.5014044943820225
204	original	1	trust	sharedreward	0.4985955056179775
204	task_negative	0	sharedreward	trust	0.5224719101123596
204	task_negative	1	trust	sharedreward	0.5393258426966292
204	residualized	0	sharedreward	trust	0.49719101123595505
204	residualized	1	trust	sharedreward	0.4943820224719101
205	original	0	sharedreward	trust	0.4719101123595505
205	original	1	trust	sharedreward	0.4873595505617977
205	task_negative	0	sharedreward	trust	0.5084269662921348
205	task_negative	1	trust	sharedreward	0.49719101123595505
205	residualized	0	sharedreward	trust	0.476123595505618
205	residualized	1	trust	sharedreward	0.4789325842696629
206	original	0	sharedreward	trust	0.4929775280898876
206	original	1	trust	sharedreward	0.4929775280898876
206	task_negative	0	sharedreward	trust	0.4691011235955056
206	task_negative	1	trust	sharedreward	0.4887640449438202
206	residualized	0	sharedreward	trust	0.5
206	residualized	1	trust	sharedreward	0.49719101123595505
207	original	0	sharedreward	trust	0.5154494382022472
207	original	1	trust	sharedreward	0.523876404494382
207	task_negative	0	sharedreward	trust	0.5056179775280899
207	task_negative	1	trust	sharedreward	0.547752808988764
207	residualized	0	sharedreward	trust	0.5112359550561798
207	residualized	1	trust	sharedreward	0.5280898876404494
208	original	0	sharedreward	trust	0.5014044943820225
208	original	1	trust	sharedreward	0.4817415730337078
208	task_negative	0	sharedreward	trust	0.4803370786516854
208	task_negative	1	trust	sharedreward	0.4803370786516854
208	residualized	0	sharedreward	trust	0.4957865168539326
208	residualized	1	trust	sharedreward	0.4859550561797753
209	original	0	sharedreward	trust	0.5028089887640449
209	original	1	trust	sharedreward	0.5182584269662921
209	task_negative	0	sharedreward	trust	0.5112359550561798
209	task_negative	1	trust	sharedreward	0.4859550561797753
209	residualized	0	sharedreward	trust	0.5028089887640449
209	residualized	1	trust	sharedreward	0.5168539325842697
210	original	0	sharedreward	trust	0.5351123595505618
210	original	1	trust	sharedreward	0.5098314606741573
210	task_negative	0	sharedreward	trust	0.5
210	task_negative	1	trust	sharedreward	0.4691011235955056
210	residualized	0	sharedreward	trust	0.5351123595505618
210	residualized	1	trust	sharedreward	0.5154494382022472
211	original	0	sharedreward	trust	0.5126404494382022
211	original	1	trust	sharedreward	0.523876404494382
211	task_negative	0	sharedreward	trust	0.4887640449438202
211	task_negative	1	trust	sharedreward	0.49157303370786515
211	residualized	0	sharedreward	trust	0.5126404494382022
211	residualized	1	trust	sharedreward	0.5196629213483146
212	original	0	sharedreward	trust	0.4929775280898876
212	original	1	trust	sharedreward	0.5168539325842697
212	task_negative	0	sharedreward	trust	0.49719101123595505
212	task_negative	1	trust	sharedreward	0.5112359550561798
212	residualized	0	sharedreward	trust	0.4943820224719101
212	residualized	1	trust	sharedreward	0.523876404494382
213	original	0	sharedreward	trust	0.4887640449438202
213	original	1	trust	sharedreward	0.5084269662921348
213	task_negative	0	sharedreward	trust	0.5337078651685393
213	task_negative	1	trust	sharedreward	0.5252808988764045
213	residualized	0	sharedreward	trust	0.4957865168539326
213	residualized	1	trust	sharedreward	0.5098314606741573
214	original	0	sharedreward	trust	0.5168539325842697
214	original	1	trust	sharedreward	0.5070224719101124
214	task_negative	0	sharedreward	trust	0.4943820224719101
214	task_negative	1	trust	sharedreward	0.5028089887640449
214	residualized	0	sharedreward	trust	0.5084269662921348
214	residualized	1	trust	sharedreward	0.5056179775280899
215	original	0	sharedreward	trust	0.5112359550561798
215	original	1	trust	sharedreward	0.5028089887640449
215	task_negative	0	sharedreward	trust	0.5
215	task_negative	1	trust	sharedreward	0.5
215	residualized	0	sharedreward	trust	0.5224719101123596
215	residualized	1	trust	sharedreward	0.5042134831460674
216	original	0	sharedreward	trust	0.5
216	original	1	trust	sharedreward	0.4705056179775281
216	task_negative	0	sharedreward	trust	0.47752808988764045
216	task_negative	1	trust	sharedreward	0.4943820224719101
216	residualized	0	sharedreward	trust	0.5
216	residualized	1	trust	sharedreward	0.47191011235955055
217	original	0	sharedreward	trust	0.5098314606741573
217	original	1	trust	sharedreward	0.5084269662921348
217	task_negative	0	sharedreward	trust	0.46629213483146065
217	task_negative	1	trust	sharedreward	0.4353932584269663
217	residualized	0	sharedreward	trust	0.5126404494382022
217	residualized	1	trust	sharedreward	0.5112359550561798
218	original	0	sharedreward	trust	0.5337078651685393
218	original	1	trust	sharedreward	0.5435393258426966
218	task_negative	0	sharedreward	trust	0.5224719101123596
218	task_negative	1	trust	sharedreward	0.5140449438202247
218	residualized	0	sharedreward	trust	0.5351123595505618
218	residualized	1	trust	sharedreward	0.5421348314606742
219	original	0	sharedreward	trust	0.5028089887640449
219	original	1	trust	sharedreward	0.526685393258427
219	task_negative	0	sharedreward	trust	0.4859550561797753
219	task_negative	1	trust	sharedreward	0.4803370786516854
219	residualized	0	sharedreward	trust	0.4957865168539326
219	residualized	1	trust	sharedreward	0.5308988764044944
220	original	0	sharedreward	trust	0.5308988764044944
220	original	1	trust	sharedreward	0.5561797752808989
220	task_negative	0	sharedreward	trust	0.4887640449438202
220	task_negative	1	trust	sharedreward	0.4859550561797753
220	residualized	0	sharedreward	trust	0.526685393258427
220	residualized	1	trust	sharedreward	0.5617977528089888
221	original	0	sharedreward	trust	0.4817415730337078
221	original	1	trust	sharedreward	0.497191011235955
221	task_negative	0	sharedreward	trust	0.5112359550561798
221	task_negative	1	trust	sharedreward	0.49157303370786515
221	residualized	0	sharedreward	trust	0.48174157303370785
221	residualized	1	trust	sharedreward	0.49297752808988765
222	original	0	sharedreward	trust	0.5070224719101124
222	original	1	trust	sharedreward	0.5
222	task_negative	0	sharedreward	trust	0.5
222	task_negative	1	trust	sharedreward	0.5
222	residualized	0	sharedreward	trust	0.49859550561797755
222	residualized	1	trust	sharedreward	0.5014044943820225
223	original	0	sharedreward	trust	0.4943820224719101
223	original	1	trust	sharedreward	0.4873595505617977
223	task_negative	0	sharedreward	trust	0.5140449438202247
223	task_negative	1	trust	sharedreward	0.5196629213483146
223	residualized	0	sharedreward	trust	0.4943820224719101
223	residualized	1	trust	sharedreward	0.48735955056179775
224	original	0	sharedreward	trust	0.4873595505617977
224	original	1	trust	sharedreward	0.4775280898876404
224	task_negative	0	sharedreward	trust	0.4859550561797753
224	task_negative	1	trust	sharedreward	0.49719101123595505
224	residualized	0	sharedreward	trust	0.48735955056179775
224	residualized	1	trust	sharedreward	0.4747191011235955
225	original	0	sharedreward	trust	0.5098314606741573
225	original	1	trust	sharedreward	0.5224719101123596
225	task_negative	0	sharedreward	trust	0.46629213483146065
225	task_negative	1	trust	sharedreward	0.5028089887640449
225	residualized	0	sharedreward	trust	0.5154494382022472
225	residualized	1	trust	sharedreward	0.5224719101123596
226	original	0	sharedreward	trust	0.5196629213483146
226	original	1	trust	sharedreward	0.5182584269662921
226	task_negative	0	sharedreward	trust	0.5337078651685393
226	task_negative	1	trust	sharedreward	0.5
226	residualized	0	sharedreward	trust	0.5168539325842697
226	residualized	1	trust	sharedreward	0.5154494382022472
227	original	0	sharedreward	trust	0.497191011235955
227	original	1	trust	sharedreward	0.4817415730337078
227	task_negative	0	sharedreward	trust	0.4887640449438202
227	task_negative	1	trust	sharedreward	0.49719101123595505
227	residualized	0	sharedreward	trust	0.49157303370786515
227	residualized	1	trust	sharedreward	0.4747191011235955
228	original	0	sharedreward	trust	0.5224719101123596
228	original	1	trust	sharedreward	0.5112359550561798
228	task_negative	0	sharedreward	trust	0.4747191011235955
228	task_negative	1	trust	sharedreward	0.4803370786516854
228	residualized	0	sharedreward	trust	0.5210674157303371
228	residualized	1	trust	sharedreward	0.5154494382022472
229	original	0	sharedreward	trust	0.5140449438202247
229	original	1	trust	sharedreward	0.5070224719101124
229	task_negative	0	sharedreward	trust	0.49719101123595505
229	task_negative	1	trust	sharedreward	0.47752808988764045
229	residualized	0	sharedreward	trust	0.5182584269662921
229	residualized	1	trust	sharedreward	0.5084269662921348
230	original	0	sharedreward	trust	0.5056179775280899
230	original	1	trust	sharedreward	0.4943820224719101
230	task_negative	0	sharedreward	trust	0.5337078651685393
230	task_negative	1	trust	sharedreward	0.5056179775280899
230	residualized	0	sharedreward	trust	0.4943820224719101
230	residualized	1	trust	sharedreward	0.4957865168539326
231	original	0	sharedreward	trust	0.5294943820224719
231	original	1	trust	sharedreward	0.5126404494382022
231	task_negative	0	sharedreward	trust	0.4887640449438202
231	task_negative	1	trust	sharedreward	0.4943820224719101
231	residualized	0	sharedreward	trust	0.5294943820224719
231	residualized	1	trust	sharedreward	0.5196629213483146
232	original	0	sharedreward	trust	0.497191011235955
232	original	1	trust	sharedreward	0.5126404494382022
232	task_negative	0	sharedreward	trust	0.5196629213483146
232	task_negative	1	trust	sharedreward	0.5084269662921348
232	residualized	0	sharedreward	trust	0.5042134831460674
232	residualized	1	trust	sharedreward	0.5084269662921348
233	original	0	sharedreward	trust	0.4957865168539326
233	original	1	trust	sharedreward	0.5028089887640449
233	task_negative	0	sharedreward	trust	0.47752808988764045
233	task_negative	1	trust	sharedreward	0.4887640449438202
233	residualized	0	sharedreward	trust	0.49859550561797755
233	residualized	1	trust	sharedreward	0.49859550561797755
234	original	0	sharedreward	trust	0.5028089887640449
234	original	1	trust	sharedreward	0.4929775280898876
234	task_negative	0	sharedreward	trust	0.5
234	task_negative	1	trust	sharedreward	0.5224719101123596
234	residualized	0	sharedreward	trust	0.5014044943820225
234	residualized	1	trust	sharedreward	0.4887640449438202
235	original	0	sharedreward	trust	0.4929775280898876
235	original	1	trust	sharedreward	0.4831460674157303
235	task_negative	0	sharedreward	trust	0.5168539325842697
235	task_negative	1	trust	sharedreward	0.547752808988764
235	residualized	0	sharedreward	trust	0.5028089887640449
235	residualized	1	trust	sharedreward	0.4803370786516854
236	original	0	sharedreward	trust	0.5294943820224719
236	original	1	trust	sharedreward	0.5294943820224719
236	task_negative	0	sharedreward	trust	0.5561797752808989
236	task_negative	1	trust	sharedreward	0.5365168539325843
236	residualized	0	sharedreward	trust	0.5294943820224719
236	residualized	1	trust	sharedreward	0.5280898876404494
237	original	0	sharedreward	trust	0.5182584269662921
237	original	1	trust	sharedreward	0.5084269662921348
237	task_negative	0	sharedreward	trust	0.5
237	task_negative	1	trust	sharedreward	0.5028089887640449
237	residualized	0	sharedreward	trust	0.5154494382022472
237	residualized	1	trust	sharedreward	0.5112359550561798
238	original	0	sharedreward	trust	0.5028089887640449
238	original	1	trust	sharedreward	0.4957865168539326
238	task_negative	0	sharedreward	trust	0.4943820224719101
238	task_negative	1	trust	sharedreward	0.48314606741573035
238	residualized	0	sharedreward	trust	0.5084269662921348
238	residualized	1	trust	sharedreward	0.5014044943820225
239	original	0	sharedreward	trust	0.5365168539325843
239	original	1	trust	sharedreward	0.5280898876404494
239	task_negative	0	sharedreward	trust	0.5449438202247191
239	task_negative	1	trust	sharedreward	0.5646067415730337
239	residualized	0	sharedreward	trust	0.5337078651685393
239	residualized	1	trust	sharedreward	0.523876404494382
240	original	0	sharedreward	trust	0.5140449438202247
240	original	1	trust	sharedreward	0.4901685393258427
240	task_negative	0	sharedreward	trust	0.5112359550561798
240	task_negative	1	trust	sharedreward	0.5056179775280899
240	residualized	0	sharedreward	trust	0.5182584269662921
240	residualized	1	trust	sharedreward	0.4887640449438202
241	original	0	sharedreward	trust	0.4789325842696629
241	original	1	trust	sharedreward	0.5014044943820225
241	task_negative	0	sharedreward	trust	0.5028089887640449
241	task_negative	1	trust	sharedreward	0.5224719101123596
241	residualized	0	sharedreward	trust	0.47331460674157305
241	residualized	1	trust	sharedreward	0.5028089887640449
242	original	0	sharedreward	trust	0.5210674157303371
242	original	1	trust	sharedreward	0.5589887640449438
242	task_negative	0	sharedreward	trust	0.48314606741573035
242	task_negative	1	trust	sharedreward	0.49719101123595505
242	residualized	0	sharedreward	trust	0.5196629213483146
242	residualized	1	trust	sharedreward	0.5575842696629213
243	original	0	sharedreward	trust	0.4634831460674157
243	original	1	trust	sharedreward	0.4985955056179775
243	task_negative	0	sharedreward	trust	0.5
243	task_negative	1	trust	sharedreward	0.45786516853932585
243	residualized	0	sharedreward	trust	0.4705056179775281
243	residualized	1	trust	sharedreward	0.49719101123595505
244	original	0	sharedreward	trust	0.5014044943820225
244	original	1	trust	sharedreward	0.4803370786516854
244	task_negative	0	sharedreward	trust	0.5
244	task_negative	1	trust	sharedreward	0.5140449438202247
244	residualized	0	sharedreward	trust	0.5084269662921348
244	residualized	1	trust	sharedreward	0.48314606741573035
245	original	0	sharedreward	trust	0.5308988764044944
245	original	1	trust	sharedreward	0.5168539325842697
245	task_negative	0	sharedreward	trust	0.4606741573033708
245	task_negative	1	trust	sharedreward	0.4691011235955056
245	residualized	0	sharedreward	trust	0.5252808988764045
245	residualized	1	trust	sharedreward	0.5098314606741573
246	original	0	sharedreward	trust	0.4648876404494382
246	original	1	trust	sharedreward	0.4634831460674157
246	task_negative	0	sharedreward	trust	0.5
246	task_negative	1	trust	sharedreward	0.47191011235955055
246	residualized	0	sharedreward	trust	0.4550561797752809
246	residualized	1	trust	sharedreward	0.4705056179775281
247	original	0	sharedreward	trust	0.4480337078651685
247	original	1	trust	sharedreward	0.4691011235955056
247	task_negative	0	sharedreward	trust	0.46629213483146065
247	task_negative	1	trust	sharedreward	0.47191011235955055
247	residualized	0	sharedreward	trust	0.4550561797752809
247	residualized	1	trust	sharedreward	0.4691011235955056
248	original	0	sharedreward	trust	0.5323033707865169
248	original	1	trust	sharedreward	0.5308988764044944
248	task_negative	0	sharedreward	trust	0.5280898876404494
248	task_negative	1	trust	sharedreward	0.5028089887640449
248	residualized	0	sharedreward	trust	0.5308988764044944
248	residualized	1	trust	sharedreward	0.5196629213483146
249	original	0	sharedreward	trust	0.5042134831460674
249	original	1	trust	sharedreward	0.5084269662921348
249	task_negative	0	sharedreward	trust	0.4691011235955056
249	task_negative	1	trust	sharedreward	0.49719101123595505
249	residualized	0	sharedreward	trust	0.5028089887640449
249	residualized	1	trust	sharedreward	0.5014044943820225
250	original	0	sharedreward	trust	0.5154494382022472
250	original	1	trust	sharedreward	0.523876404494382
250	task_negative	0	sharedreward	trust	0.5252808988764045
250	task_negative	1	trust	sharedreward	0.48314606741573035
250	residualized	0	sharedreward	trust	0.5098314606741573
250	residualized	1	trust	sharedreward	0.5210674157303371
251	original	0	sharedreward	trust	0.5182584269662921
251	original	1	trust	sharedreward	0.5393258426966292
251	task_negative	0	sharedreward	trust	0.5056179775280899
251	task_negative	1	trust	sharedreward	0.5084269662921348
251	residualized	0	sharedreward	trust	0.5224719101123596
251	residualized	1	trust	sharedreward	0.5393258426966292
252	original	0	sharedreward	trust	0.4578651685393258
252	original	1	trust	sharedreward	0.4592696629213483
252	task_negative	0	sharedreward	trust	0.5168539325842697
252	task_negative	1	trust	sharedreward	0.5308988764044944
252	residualized	0	sharedreward	trust	0.46207865168539325
252	residualized	1	trust	sharedreward	0.4550561797752809
253	original	0	sharedreward	trust	0.4845505617977528
253	original	1	trust	sharedreward	0.4929775280898876
253	task_negative	0	sharedreward	trust	0.4747191011235955
253	task_negative	1	trust	sharedreward	0.49157303370786515
253	residualized	0	sharedreward	trust	0.48314606741573035
253	residualized	1	trust	sharedreward	0.4957865168539326
254	original	0	sharedreward	trust	0.5294943820224719
254	original	1	trust	sharedreward	0.4873595505617977
254	task_negative	0	sharedreward	trust	0.4887640449438202
254	task_negative	1	trust	sharedreward	0.5308988764044944
254	residualized	0	sharedreward	trust	0.5323033707865169
254	residualized	1	trust	sharedreward	0.4803370786516854
255	original	0	sharedreward	trust	0.4775280898876404
255	original	1	trust	sharedreward	0.4831460674157303
255	task_negative	0	sharedreward	trust	0.4803370786516854
255	task_negative	1	trust	sharedreward	0.44662921348314605
255	residualized	0	sharedreward	trust	0.48314606741573035
255	residualized	1	trust	sharedreward	0.4901685393258427
256	original	0	sharedreward	trust	0.5098314606741573
256	original	1	trust	sharedreward	0.5042134831460674
256	task_negative	0	sharedreward	trust	0.5
256	task_negative	1	trust	sharedreward	0.5196629213483146
256	residualized	0	sharedreward	trust	0.5140449438202247
256	residualized	1	trust	sharedreward	0.5070224719101124
257	original	0	sharedreward	trust	0.4929775280898876
257	original	1	trust	sharedreward	0.4845505617977528
257	task_negative	0	sharedreward	trust	0.48314606741573035
257	task_negative	1	trust	sharedreward	0.49719101123595505
257	residualized	0	sharedreward	trust	0.4943820224719101
257	residualized	1	trust	sharedreward	0.4845505617977528
258	original	0	sharedreward	trust	0.4915730337078651
258	original	1	trust	sharedreward	0.476123595505618
258	task_negative	0	sharedreward	trust	0.5
258	task_negative	1	trust	sharedreward	0.4691011235955056
258	residualized	0	sharedreward	trust	0.4901685393258427
258	residualized	1	trust	sharedreward	0.476123595505618
259	original	0	sharedreward	trust	0.5196629213483146
259	original	1	trust	sharedreward	0.5042134831460674
259	task_negative	0	sharedreward	trust	0.550561797752809
259	task_negative	1	trust	sharedreward	0.547752808988764
259	residualized	0	sharedreward	trust	0.5168539325842697
259	residualized	1	trust	sharedreward	0.5028089887640449
260	original	0	sharedreward	trust	0.523876404494382
260	original	1	trust	sharedreward	0.5294943820224719
260	task_negative	0	sharedreward	trust	0.5252808988764045
260	task_negative	1	trust	sharedreward	0.49719101123595505
260	residualized	0	sharedreward	trust	0.526685393258427
260	residualized	1	trust	sharedreward	0.526685393258427
261	original	0	sharedreward	trust	0.5168539325842697
261	original	1	trust	sharedreward	0.5042134831460674
261	task_negative	0	sharedreward	trust	0.5
261	task_negative	1	trust	sharedreward	0.5308988764044944
261	residualized	0	sharedreward	trust	0.5168539325842697
261	residualized	1	trust	sharedreward	0.5070224719101124
262	original	0	sharedreward	trust	0.523876404494382
262	original	1	trust	sharedreward	0.4915730337078651
262	task_negative	0	sharedreward	trust	0.5112359550561798
262	task_negative	1	trust	sharedreward	0.49157303370786515
262	residualized	0	sharedreward	trust	0.5280898876404494
262	residualized	1	trust	sharedreward	0.49859550561797755
263	original	0	sharedreward	trust	0.5280898876404494
263	original	1	trust	sharedreward	0.4957865168539326
263	task_negative	0	sharedreward	trust	0.4859550561797753
263	task_negative	1	trust	sharedreward	0.49719101123595505
263	residualized	0	sharedreward	trust	0.5182584269662921
263	residualized	1	trust	sharedreward	0.49719101123595505
264	original	0	sharedreward	trust	0.5042134831460674
264	original	1	trust	sharedreward	0.5028089887640449
264	task_negative	0	sharedreward	trust	0.4887640449438202
264	task_negative	1	trust	sharedreward	0.4887640449438202
264	residualized	0	sharedreward	trust	0.5056179775280899
264	residualized	1	trust	sharedreward	0.49157303370786515
265	original	0	sharedreward	trust	0.5098314606741573
265	original	1	trust	sharedreward	0.4985955056179775
265	task_negative	0	sharedreward	trust	0.547752808988764
265	task_negative	1	trust	sharedreward	0.5308988764044944
265	residualized	0	sharedreward	trust	0.5112359550561798
265	residualized	1	trust	sharedreward	0.5112359550561798
266	original	0	sharedreward	trust	0.5084269662921348
266	original	1	trust	sharedreward	0.5252808988764045
266	task_negative	0	sharedreward	trust	0.5140449438202247
266	task_negative	1	trust	sharedreward	0.5
266	residualized	0	sharedreward	trust	0.5070224719101124
266	residualized	1	trust	sharedreward	0.523876404494382
267	original	0	sharedreward	trust	0.5028089887640449
267	original	1	trust	sharedreward	0.5098314606741573
267	task_negative	0	sharedreward	trust	0.4943820224719101
267	task_negative	1	trust	sharedreward	0.5308988764044944
267	residualized	0	sharedreward	trust	0.5
267	residualized	1	trust	sharedreward	0.5084269662921348
268	original	0	sharedreward	trust	0.5
268	original	1	trust	sharedreward	0.5154494382022472
268	task_negative	0	sharedreward	trust	0.5224719101123596
268	task_negative	1	trust	sharedreward	0.5
268	residualized	0	sharedreward	trust	0.4957865168539326
268	residualized	1	trust	sharedreward	0.5154494382022472
269	original	0	sharedreward	trust	0.4943820224719101
269	original	1	trust	sharedreward	0.4845505617977528
269	task_negative	0	sharedreward	trust	0.48314606741573035
269	task_negative	1	trust	sharedreward	0.4803370786516854
269	residualized	0	sharedreward	trust	0.49157303370786515
269	residualized	1	trust	sharedreward	0.4789325842696629
270	original	0	sharedreward	trust	0.526685393258427
270	original	1	trust	sharedreward	0.5252808988764045
270	task_negative	0	sharedreward	trust	0.5140449438202247
270	task_negative	1	trust	sharedreward	0.5196629213483146
270	residualized	0	sharedreward	trust	0.5280898876404494
270	residualized	1	trust	sharedreward	0.5224719101123596
271	original	0	sharedreward	trust	0.5014044943820225
271	original	1	trust	sharedreward	0.5070224719101124
271	task_negative	0	sharedreward	trust	0.5196629213483146
271	task_negative	1	trust	sharedreward	0.5140449438202247
271	residualized	0	sharedreward	trust	0.49859550561797755
271	residualized	1	trust	sharedreward	0.5098314606741573
272	original	0	sharedreward	trust	0.5182584269662921
272	original	1	trust	sharedreward	0.5028089887640449
272	task_negative	0	sharedreward	trust	0.5
272	task_negative	1	trust	sharedreward	0.5028089887640449
272	residualized	0	sharedreward	trust	0.5196629213483146
272	residualized	1	trust	sharedreward	0.5042134831460674
273	original	0	sharedreward	trust	0.4859550561797753
273	original	1	trust	sharedreward	0.4845505617977528
273	task_negative	0	sharedreward	trust	0.45786516853932585
273	task_negative	1	trust	sharedreward	0.5084269662921348
273	residualized	0	sharedreward	trust	0.4887640449438202
273	residualized	1	trust	sharedreward	0.48735955056179775
274	original	0	sharedreward	trust	0.5421348314606742
274	original	1	trust	sharedreward	0.5323033707865169
274	task_negative	0	sharedreward	trust	0.4101123595505618
274	task_negative	1	trust	sharedreward	0.47752808988764045
274	residualized	0	sharedreward	trust	0.5407303370786517
274	residualized	1	trust	sharedreward	0.5280898876404494
275	original	0	sharedreward	trust	0.5112359550561798
275	original	1	trust	sharedreward	0.5393258426966292
275	task_negative	0	sharedreward	trust	0.5
275	task_negative	1	trust	sharedreward	0.5056179775280899
275	residualized	0	sharedreward	trust	0.5112359550561798
275	residualized	1	trust	sharedreward	0.5407303370786517
276	original	0	sharedreward	trust	0.523876404494382
276	original	1	trust	sharedreward	0.526685393258427
276	task_negative	0	sharedreward	trust	0.5280898876404494
276	task_negative	1	trust	sharedreward	0.5140449438202247
276	residualized	0	sharedreward	trust	0.5252808988764045
276	residualized	1	trust	sharedreward	0.5252808988764045
277	original	0	sharedreward	trust	0.4943820224719101
277	original	1	trust	sharedreward	0.5028089887640449
277	task_negative	0	sharedreward	trust	0.46348314606741575
277	task_negative	1	trust	sharedreward	0.5084269662921348
277	residualized	0	sharedreward	trust	0.49719101123595505
277	residualized	1	trust	sharedreward	0.5084269662921348
278	original	0	sharedreward	trust	0.5280898876404494
278	original	1	trust	sharedreward	0.5014044943820225
278	task_negative	0	sharedreward	trust	0.5168539325842697
278	task_negative	1	trust	sharedreward	0.5140449438202247
278	residualized	0	sharedreward	trust	0.526685393258427
278	residualized	1	trust	sharedreward	0.49719101123595505
279	original	0	sharedreward	trust	0.473314606741573
279	original	1	trust	sharedreward	0.5140449438202247
279	task_negative	0	sharedreward	trust	0.5224719101123596
279	task_negative	1	trust	sharedreward	0.4859550561797753
279	residualized	0	sharedreward	trust	0.47331460674157305
279	residualized	1	trust	sharedreward	0.5070224719101124
280	original	0	sharedreward	trust	0.4859550561797753
280	original	1	trust	sharedreward	0.5070224719101124
280	task_negative	0	sharedreward	trust	0.5140449438202247
280	task_negative	1	trust	sharedreward	0.4887640449438202
280	residualized	0	sharedreward	trust	0.5014044943820225
280	residualized	1	trust	sharedreward	0.5042134831460674
281	original	0	sharedreward	trust	0.4943820224719101
281	original	1	trust	sharedreward	0.5042134831460674
281	task_negative	0	sharedreward	trust	0.5028089887640449
281	task_negative	1	trust	sharedreward	0.4747191011235955
281	residualized	0	sharedreward	trust	0.4859550561797753
281	residualized	1	trust	sharedreward	0.5056179775280899
282	original	0	sharedreward	trust	0.4845505617977528
282	original	1	trust	sharedreward	0.4691011235955056
282	task_negative	0	sharedreward	trust	0.4606741573033708
282	task_negative	1	trust	sharedreward	0.5
282	residualized	0	sharedreward	trust	0.48735955056179775
282	residualized	1	trust	sharedreward	0.46629213483146065
283	original	0	sharedreward	trust	0.5196629213483146
283	original	1	trust	sharedreward	0.5140449438202247
283	task_negative	0	sharedreward	trust	0.5337078651685393
283	task_negative	1	trust	sharedreward	0.5112359550561798
283	residualized	0	sharedreward	trust	0.5126404494382022
283	residualized	1	trust	sharedreward	0.5098314606741573
284	original	0	sharedreward	trust	0.5056179775280899
284	original	1	trust	sharedreward	0.5056179775280899
284	task_negative	0	sharedreward	trust	0.5112359550561798
284	task_negative	1	trust	sharedreward	0.5
284	residualized	0	sharedreward	trust	0.49859550561797755
284	residualized	1	trust	sharedreward	0.5056179775280899
285	original	0	sharedreward	trust	0.5028089887640449
285	original	1	trust	sharedreward	0.4985955056179775
285	task_negative	0	sharedreward	trust	0.4887640449438202
285	task_negative	1	trust	sharedreward	0.5224719101123596
285	residualized	0	sharedreward	trust	0.4943820224719101
285	residualized	1	trust	sharedreward	0.5014044943820225
286	original	0	sharedreward	trust	0.4705056179775281
286	original	1	trust	sharedreward	0.4789325842696629
286	task_negative	0	sharedreward	trust	0.5224719101123596
286	task_negative	1	trust	sharedreward	0.5196629213483146
286	residualized	0	sharedreward	trust	0.4648876404494382
286	residualized	1	trust	sharedreward	0.4789325842696629
287	original	0	sharedreward	trust	0.497191011235955
287	original	1	trust	sharedreward	0.5365168539325843
287	task_negative	0	sharedreward	trust	0.4859550561797753
287	task_negative	1	trust	sharedreward	0.49157303370786515
287	residualized	0	sharedreward	trust	0.5070224719101124
287	residualized	1	trust	sharedreward	0.5323033707865169
288	original	0	sharedreward	trust	0.5210674157303371
288	original	1	trust	sharedreward	0.4957865168539326
288	task_negative	0	sharedreward	trust	0.47752808988764045
288	task_negative	1	trust	sharedreward	0.4943820224719101
288	residualized	0	sharedreward	trust	0.523876404494382
288	residualized	1	trust	sharedreward	0.5042134831460674
289	original	0	sharedreward	trust	0.5294943820224719
289	original	1	trust	sharedreward	0.4957865168539326
289	task_negative	0	sharedreward	trust	0.5140449438202247
289	task_negative	1	trust	sharedreward	0.49157303370786515
289	residualized	0	sharedreward	trust	0.526685393258427
289	residualized	1	trust	sharedreward	0.49297752808988765
290	original	0	sharedreward	trust	0.4915730337078651
290	original	1	trust	sharedreward	0.5098314606741573
290	task_negative	0	sharedreward	trust	0.49719101123595505
290	task_negative	1	trust	sharedreward	0.5112359550561798
290	residualized	0	sharedreward	trust	0.4957865168539326
290	residualized	1	trust	sharedreward	0.5084269662921348
291	original	0	sharedreward	trust	0.5028089887640449
291	original	1	trust	sharedreward	0.4957865168539326
291	task_negative	0	sharedreward	trust	0.4803370786516854
291	task_negative	1	trust	sharedreward	0.4943820224719101
291	residualized	0	sharedreward	trust	0.5
291	residualized	1	trust	sharedreward	0.4957865168539326
292	original	0	sharedreward	trust	0.4915730337078651
292	original	1	trust	sharedreward	0.5028089887640449
292	task_negative	0	sharedreward	trust	0.5224719101123596
292	task_negative	1	trust	sharedreward	0.5
292	residualized	0	sharedreward	trust	0.4859550561797753
292	residualized	1	trust	sharedreward	0.5084269662921348
293	original	0	sharedreward	trust	0.5182584269662921
293	original	1	trust	sharedreward	0.5294943820224719
293	task_negative	0	sharedreward	trust	0.49719101123595505
293	task_negative	1	trust	sharedreward	0.5168539325842697
293	residualized	0	sharedreward	trust	0.5140449438202247
293	residualized	1	trust	sharedreward	0.5294943820224719
294	original	0	sharedreward	trust	0.5
294	original	1	trust	sharedreward	0.497191011235955
294	task_negative	0	sharedreward	trust	0.45786516853932585
294	task_negative	1	trust	sharedreward	0.4803370786516854
294	residualized	0	sharedreward	trust	0.5126404494382022
294	residualized	1	trust	sharedreward	0.4901685393258427
295	original	0	sharedreward	trust	0.497191011235955
295	original	1	trust	sharedreward	0.5168539325842697
295	task_negative	0	sharedreward	trust	0.49719101123595505
295	task_negative	1	trust	sharedreward	0.4887640449438202
295	residualized	0	sharedreward	trust	0.5
295	residualized	1	trust	sharedreward	0.5168539325842697
296	original	0	sharedreward	trust	0.5365168539325843
296	original	1	trust	sharedreward	0.5280898876404494
296	task_negative	0	sharedreward	trust	0.5112359550561798
296	task_negative	1	trust	sharedreward	0.5056179775280899
296	residualized	0	sharedreward	trust	0.5294943820224719
296	residualized	1	trust	sharedreward	0.5280898876404494
297	original	0	sharedreward	trust	0.4831460674157303
297	original	1	trust	sharedreward	0.4817415730337078
297	task_negative	0	sharedreward	trust	0.4943820224719101
297	task_negative	1	trust	sharedreward	0.47191011235955055
297	residualized	0	sharedreward	trust	0.4887640449438202
297	residualized	1	trust	sharedreward	0.4887640449438202
298	original	0	sharedreward	trust	0.4789325842696629
298	original	1	trust	sharedreward	0.4873595505617977
298	task_negative	0	sharedreward	trust	0.5
298	task_negative	1	trust	sharedreward	0.5
298	residualized	0	sharedreward	trust	0.48174157303370785
298	residualized	1	trust	sharedreward	0.4859550561797753
299	original	0	sharedreward	trust	0.5028089887640449
299	original	1	trust	sharedreward	0.5070224719101124
299	task_negative	0	sharedreward	trust	0.4887640449438202
299	task_negative	1	trust	sharedreward	0.4747191011235955
299	residualized	0	sharedreward	trust	0.5070224719101124
299	residualized	1	trust	sharedreward	0.5154494382022472
300	original	0	sharedreward	trust	0.5042134831460674
300	original	1	trust	sharedreward	0.5140449438202247
300	task_negative	0	sharedreward	trust	0.5842696629213483
300	task_negative	1	trust	sharedreward	0.5252808988764045
300	residualized	0	sharedreward	trust	0.5
300	residualized	1	trust	sharedreward	0.523876404494382
301	original	0	sharedreward	trust	0.5070224719101124
301	original	1	trust	sharedreward	0.5294943820224719
301	task_negative	0	sharedreward	trust	0.4747191011235955
301	task_negative	1	trust	sharedreward	0.4803370786516854
301	residualized	0	sharedreward	trust	0.5112359550561798
301	residualized	1	trust	sharedreward	0.5294943820224719
302	original	0	sharedreward	trust	0.4803370786516854
302	original	1	trust	sharedreward	0.5098314606741573
302	task_negative	0	sharedreward	trust	0.4943820224719101
302	task_negative	1	trust	sharedreward	0.5112359550561798
302	residualized	0	sharedreward	trust	0.4747191011235955
302	residualized	1	trust	sharedreward	0.5154494382022472
303	original	0	sharedreward	trust	0.5351123595505618
303	original	1	trust	sharedreward	0.5210674157303371
303	task_negative	0	sharedreward	trust	0.5561797752808989
303	task_negative	1	trust	sharedreward	0.5308988764044944
303	residualized	0	sharedreward	trust	0.5294943820224719
303	residualized	1	trust	sharedreward	0.523876404494382
304	original	0	sharedreward	trust	0.4887640449438202
304	original	1	trust	sharedreward	0.5028089887640449
304	task_negative	0	sharedreward	trust	0.5
304	task_negative	1	trust	sharedreward	0.49157303370786515
304	residualized	0	sharedreward	trust	0.4887640449438202
304	residualized	1	trust	sharedreward	0.5056179775280899
305	original	0	sharedreward	trust	0.5014044943820225
305	original	1	trust	sharedreward	0.4691011235955056
305	task_negative	0	sharedreward	trust	0.5
305	task_negative	1	trust	sharedreward	0.47191011235955055
305	residualized	0	sharedreward	trust	0.5084269662921348
305	residualized	1	trust	sharedreward	0.4747191011235955
306	original	0	sharedreward	trust	0.5182584269662921
306	original	1	trust	sharedreward	0.5519662921348315
306	task_negative	0	sharedreward	trust	0.47191011235955055
306	task_negative	1	trust	sharedreward	0.4943820224719101
306	residualized	0	sharedreward	trust	0.5126404494382022
306	residualized	1	trust	sharedreward	0.5547752808988764
307	original	0	sharedreward	trust	0.4929775280898876
307	original	1	trust	sharedreward	0.4901685393258427
307	task_negative	0	sharedreward	trust	0.5449438202247191
307	task_negative	1	trust	sharedreward	0.5
307	residualized	0	sharedreward	trust	0.49157303370786515
307	residualized	1	trust	sharedreward	0.4887640449438202
308	original	0	sharedreward	trust	0.5196629213483146
308	original	1	trust	sharedreward	0.5042134831460674
308	task_negative	0	sharedreward	trust	0.47752808988764045
308	task_negative	1	trust	sharedreward	0.49157303370786515
308	residualized	0	sharedreward	trust	0.5126404494382022
308	residualized	1	trust	sharedreward	0.5
309	original	0	sharedreward	trust	0.5042134831460674
309	original	1	trust	sharedreward	0.5056179775280899
309	task_negative	0	sharedreward	trust	0.48314606741573035
309	task_negative	1	trust	sharedreward	0.4747191011235955
309	residualized	0	sharedreward	trust	0.5056179775280899
309	residualized	1	trust	sharedreward	0.5028089887640449
310	original	0	sharedreward	trust	0.5112359550561798
310	original	1	trust	sharedreward	0.5042134831460674
310	task_negative	0	sharedreward	trust	0.5224719101123596
310	task_negative	1	trust	sharedreward	0.49157303370786515
310	residualized	0	sharedreward	trust	0.5168539325842697
310	residualized	1	trust	sharedreward	0.5042134831460674
311	original	0	sharedreward	trust	0.5196629213483146
311	original	1	trust	sharedreward	0.5042134831460674
311	task_negative	0	sharedreward	trust	0.49157303370786515
311	task_negative	1	trust	sharedreward	0.5252808988764045
311	residualized	0	sharedreward	trust	0.5210674157303371
311	residualized	1	trust	sharedreward	0.5028089887640449
312	original	0	sharedreward	trust	0.5126404494382022
312	original	1	trust	sharedreward	0.4817415730337078
312	task_negative	0	sharedreward	trust	0.4859550561797753
312	task_negative	1	trust	sharedreward	0.5084269662921348
312	residualized	0	sharedreward	trust	0.5098314606741573
312	residualized	1	trust	sharedreward	0.48314606741573035
313	original	0	sharedreward	trust	0.4817415730337078
313	original	1	trust	sharedreward	0.5112359550561798
313	task_negative	0	sharedreward	trust	0.5
313	task_negative	1	trust	sharedreward	0.4887640449438202
313	residualized	0	sharedreward	trust	0.4747191011235955
313	residualized	1	trust	sharedreward	0.5112359550561798
314	original	0	sharedreward	trust	0.5168539325842697
314	original	1	trust	sharedreward	0.5
314	task_negative	0	sharedreward	trust	0.5140449438202247
314	task_negative	1	trust	sharedreward	0.5
314	residualized	0	sharedreward	trust	0.5210674157303371
314	residualized	1	trust	sharedreward	0.49719101123595505
315	original	0	sharedreward	trust	0.4915730337078651
315	original	1	trust	sharedreward	0.4550561797752809
315	task_negative	0	sharedreward	trust	0.5280898876404494
315	task_negative	1	trust	sharedreward	0.5140449438202247
315	residualized	0	sharedreward	trust	0.48735955056179775
315	residualized	1	trust	sharedreward	0.449438202247191
316	original	0	sharedreward	trust	0.4592696629213483
316	original	1	trust	sharedreward	0.4564606741573033
316	task_negative	0	sharedreward	trust	0.4943820224719101
316	task_negative	1	trust	sharedreward	0.4691011235955056
316	residualized	0	sharedreward	trust	0.4705056179775281
316	residualized	1	trust	sharedreward	0.45646067415730335
317	original	0	sharedreward	trust	0.5014044943820225
317	original	1	trust	sharedreward	0.4873595505617977
317	task_negative	0	sharedreward	trust	0.5365168539325843
317	task_negative	1	trust	sharedreward	0.5196629213483146
317	residualized	0	sharedreward	trust	0.5028089887640449
317	residualized	1	trust	sharedreward	0.4901685393258427
318	original	0	sharedreward	trust	0.5028089887640449
318	original	1	trust	sharedreward	0.523876404494382
318	task_negative	0	sharedreward	trust	0.5337078651685393
318	task_negative	1	trust	sharedreward	0.5533707865168539
318	residualized	0	sharedreward	trust	0.5126404494382022
318	residualized	1	trust	sharedreward	0.5210674157303371
319	original	0	sharedreward	trust	0.5182584269662921
319	original	1	trust	sharedreward	0.5084269662921348
319	task_negative	0	sharedreward	trust	0.5
319	task_negative	1	trust	sharedreward	0.5168539325842697
319	residualized	0	sharedreward	trust	0.523876404494382
319	residualized	1	trust	sharedreward	0.5112359550561798
320	original	0	sharedreward	trust	0.5210674157303371
320	original	1	trust	sharedreward	0.523876404494382
320	task_negative	0	sharedreward	trust	0.4859550561797753
320	task_negative	1	trust	sharedreward	0.4859550561797753
320	residualized	0	sharedreward	trust	0.5224719101123596
320	residualized	1	trust	sharedreward	0.5252808988764045
321	original	0	sharedreward	trust	0.4859550561797753
321	original	1	trust	sharedreward	0.4705056179775281
321	task_negative	0	sharedreward	trust	0.48314606741573035
321	task_negative	1	trust	sharedreward	0.49157303370786515
321	residualized	0	sharedreward	trust	0.4887640449438202
321	residualized	1	trust	sharedreward	0.4705056179775281
322	original	0	sharedreward	trust	0.4803370786516854
322	original	1	trust	sharedreward	0.5028089887640449
322	task_negative	0	sharedreward	trust	0.4606741573033708
322	task_negative	1	trust	sharedreward	0.4747191011235955
322	residualized	0	sharedreward	trust	0.4859550561797753
322	residualized	1	trust	sharedreward	0.5028089887640449
323	original	0	sharedreward	trust	0.526685393258427
323	original	1	trust	sharedreward	0.4873595505617977
323	task_negative	0	sharedreward	trust	0.5168539325842697
323	task_negative	1	trust	sharedreward	0.5252808988764045
323	residualized	0	sharedreward	trust	0.5294943820224719
323	residualized	1	trust	sharedreward	0.4901685393258427
324	original	0	sharedreward	trust	0.5168539325842697
324	original	1	trust	sharedreward	0.5407303370786517
324	task_negative	0	sharedreward	trust	0.4943820224719101
324	task_negative	1	trust	sharedreward	0.4691011235955056
324	residualized	0	sharedreward	trust	0.5112359550561798
324	residualized	1	trust	sharedreward	0.5435393258426966
325	original	0	sharedreward	trust	0.5056179775280899
325	original	1	trust	sharedreward	0.5042134831460674
325	task_negative	0	sharedreward	trust	0.47191011235955055
325	task_negative	1	trust	sharedreward	0.5308988764044944
325	residualized	0	sharedreward	trust	0.5126404494382022
325	residualized	1	trust	sharedreward	0.5056179775280899
326	original	0	sharedreward	trust	0.5168539325842697
326	original	1	trust	sharedreward	0.5112359550561798
326	task_negative	0	sharedreward	trust	0.5617977528089888
326	task_negative	1	trust	sharedreward	0.5533707865168539
326	residualized	0	sharedreward	trust	0.5112359550561798
326	residualized	1	trust	sharedreward	0.5056179775280899
327	original	0	sharedreward	trust	0.4845505617977528
327	original	1	trust	sharedreward	0.4691011235955056
327	task_negative	0	sharedreward	trust	0.5449438202247191
327	task_negative	1	trust	sharedreward	0.5168539325842697
327	residualized	0	sharedreward	trust	0.4803370786516854
327	residualized	1	trust	sharedreward	0.4691011235955056
328	original	0	sharedreward	trust	0.4606741573033708
328	original	1	trust	sharedreward	0.4789325842696629
328	task_negative	0	sharedreward	trust	0.5
328	task_negative	1	trust	sharedreward	0.5084269662921348
328	residualized	0	sharedreward	trust	0.45646067415730335
328	residualized	1	trust	sharedreward	0.4789325842696629
329	original	0	sharedreward	trust	0.4817415730337078
329	original	1	trust	sharedreward	0.4747191011235955
329	task_negative	0	sharedreward	trust	0.4943820224719101
329	task_negative	1	trust	sharedreward	0.5056179775280899
329	residualized	0	sharedreward	trust	0.48314606741573035
329	residualized	1	trust	sharedreward	0.4747191011235955
330	original	0	sharedreward	trust	0.4873595505617977
330	original	1	trust	sharedreward	0.4592696629213483
330	task_negative	0	sharedreward	trust	0.5028089887640449
330	task_negative	1	trust	sharedreward	0.5028089887640449
330	residualized	0	sharedreward	trust	0.4887640449438202
330	residualized	1	trust	sharedreward	0.46207865168539325
331	original	0	sharedreward	trust	0.4915730337078651
331	original	1	trust	sharedreward	0.5196629213483146
331	task_negative	0	sharedreward	trust	0.5056179775280899
331	task_negative	1	trust	sharedreward	0.49157303370786515
331	residualized	0	sharedreward	trust	0.4845505617977528
331	residualized	1	trust	sharedreward	0.5140449438202247
332	original	0	sharedreward	trust	0.4831460674157303
332	original	1	trust	sharedreward	0.4578651685393258
332	task_negative	0	sharedreward	trust	0.5056179775280899
332	task_negative	1	trust	sharedreward	0.5084269662921348
332	residualized	0	sharedreward	trust	0.4845505617977528
332	residualized	1	trust	sharedreward	0.4592696629213483
333	original	0	sharedreward	trust	0.5210674157303371
333	original	1	trust	sharedreward	0.5182584269662921
333	task_negative	0	sharedreward	trust	0.4943820224719101
333	task_negative	1	trust	sharedreward	0.5
333	residualized	0	sharedreward	trust	0.5154494382022472
333	residualized	1	trust	sharedreward	0.5168539325842697
334	original	0	sharedreward	trust	0.4915730337078651
334	original	1	trust	sharedreward	0.4929775280898876
334	task_negative	0	sharedreward	trust	0.5280898876404494
334	task_negative	1	trust	sharedreward	0.5421348314606742
334	residualized	0	sharedreward	trust	0.5014044943820225
334	residualized	1	trust	sharedreward	0.49859550561797755
335	original	0	sharedreward	trust	0.5098314606741573
335	original	1	trust	sharedreward	0.5280898876404494
335	task_negative	0	sharedreward	trust	0.550561797752809
335	task_negative	1	trust	sharedreward	0.4859550561797753
335	residualized	0	sharedreward	trust	0.5056179775280899
335	residualized	1	trust	sharedreward	0.5280898876404494
336	original	0	sharedreward	trust	0.5014044943820225
336	original	1	trust	sharedreward	0.4985955056179775
336	task_negative	0	sharedreward	trust	0.49157303370786515
336	task_negative	1	trust	sharedreward	0.45224719101123595
336	residualized	0	sharedreward	trust	0.5014044943820225
336	residualized	1	trust	sharedreward	0.5
337	original	0	sharedreward	trust	0.5112359550561798
337	original	1	trust	sharedreward	0.5070224719101124
337	task_negative	0	sharedreward	trust	0.5196629213483146
337	task_negative	1	trust	sharedreward	0.5056179775280899
337	residualized	0	sharedreward	trust	0.5168539325842697
337	residualized	1	trust	sharedreward	0.5056179775280899
338	original	0	sharedreward	trust	0.5042134831460674
338	original	1	trust	sharedreward	0.5126404494382022
338	task_negative	0	sharedreward	trust	0.4943820224719101
338	task_negative	1	trust	sharedreward	0.4887640449438202
338	residualized	0	sharedreward	trust	0.5
338	residualized	1	trust	sharedreward	0.5084269662921348
339	original	0	sharedreward	trust	0.497191011235955
339	original	1	trust	sharedreward	0.5070224719101124
339	task_negative	0	sharedreward	trust	0.5449438202247191
339	task_negative	1	trust	sharedreward	0.5028089887640449
339	residualized	0	sharedreward	trust	0.4943820224719101
339	residualized	1	trust	sharedreward	0.5042134831460674
340	original	0	sharedreward	trust	0.4887640449438202
340	original	1	trust	sharedreward	0.4957865168539326
340	task_negative	0	sharedreward	trust	0.4157303370786517
340	task_negative	1	trust	sharedreward	0.4803370786516854
340	residualized	0	sharedreward	trust	0.49157303370786515
340	residualized	1	trust	sharedreward	0.4957865168539326
341	original	0	sharedreward	trust	0.5154494382022472
341	original	1	trust	sharedreward	0.526685393258427
341	task_negative	0	sharedreward	trust	0.47752808988764045
341	task_negative	1	trust	sharedreward	0.46348314606741575
341	residualized	0	sharedreward	trust	0.5168539325842697
341	residualized	1	trust	sharedreward	0.523876404494382
342	original	0	sharedreward	trust	0.4606741573033708
342	original	1	trust	sharedreward	0.4775280898876404
342	task_negative	0	sharedreward	trust	0.4691011235955056
342	task_negative	1	trust	sharedreward	0.45786516853932585
342	residualized	0	sharedreward	trust	0.46629213483146065
342	residualized	1	trust	sharedreward	0.48174157303370785
343	original	0	sharedreward	trust	0.526685393258427
343	original	1	trust	sharedreward	0.5351123595505618
343	task_negative	0	sharedreward	trust	0.5393258426966292
343	task_negative	1	trust	sharedreward	0.5758426966292135
343	residualized	0	sharedreward	trust	0.5252808988764045
343	residualized	1	trust	sharedreward	0.5393258426966292
344	original	0	sharedreward	trust	0.523876404494382
344	original	1	trust	sharedreward	0.4859550561797753
344	task_negative	0	sharedreward	trust	0.4859550561797753
344	task_negative	1	trust	sharedreward	0.49157303370786515
344	residualized	0	sharedreward	trust	0.5196629213483146
344	residualized	1	trust	sharedreward	0.48314606741573035
345	original	0	sharedreward	trust	0.5
345	original	1	trust	sharedreward	0.4887640449438202
345	task_negative	0	sharedreward	trust	0.4887640449438202
345	task_negative	1	trust	sharedreward	0.5084269662921348
345	residualized	0	sharedreward	trust	0.49719101123595505
345	residualized	1	trust	sharedreward	0.4859550561797753
346	original	0	sharedreward	trust	0.4817415730337078
346	original	1	trust	sharedreward	0.4943820224719101
346	task_negative	0	sharedreward	trust	0.5140449438202247
346	task_negative	1	trust	sharedreward	0.5168539325842697
346	residualized	0	sharedreward	trust	0.4803370786516854
346	residualized	1	trust	sharedreward	0.4901685393258427
347	original	0	sharedreward	trust	0.4676966292134831
347	original	1	trust	sharedreward	0.4803370786516854
347	task_negative	0	sharedreward	trust	0.4887640449438202
347	task_negative	1	trust	sharedreward	0.4887640449438202
347	residualized	0	sharedreward	trust	0.4803370786516854
347	residualized	1	trust	sharedreward	0.47752808988764045
348	original	0	sharedreward	trust	0.4396067415730337
348	original	1	trust	sharedreward	0.4873595505617977
348	task_negative	0	sharedreward	trust	0.5
348	task_negative	1	trust	sharedreward	0.49157303370786515
348	residualized	0	sharedreward	trust	0.43679775280898875
348	residualized	1	trust	sharedreward	0.4845505617977528
349	original	0	sharedreward	trust	0.4859550561797753
349	original	1	trust	sharedreward	0.5028089887640449
349	task_negative	0	sharedreward	trust	0.4887640449438202
349	task_negative	1	trust	sharedreward	0.5196629213483146
349	residualized	0	sharedreward	trust	0.48735955056179775
349	residualized	1	trust	sharedreward	0.5014044943820225
350	original	0	sharedreward	trust	0.5252808988764045
350	original	1	trust	sharedreward	0.526685393258427
350	task_negative	0	sharedreward	trust	0.5
350	task_negative	1	trust	sharedreward	0.4859550561797753
350	residualized	0	sharedreward	trust	0.5337078651685393
350	residualized	1	trust	sharedreward	0.5308988764044944
351	original	0	sharedreward	trust	0.5042134831460674
351	original	1	trust	sharedreward	0.497191011235955
351	task_negative	0	sharedreward	trust	0.46629213483146065
351	task_negative	1	trust	sharedreward	0.4859550561797753
351	residualized	0	sharedreward	trust	0.5042134831460674
351	residualized	1	trust	sharedreward	0.5014044943820225
352	original	0	sharedreward	trust	0.5154494382022472
352	original	1	trust	sharedreward	0.4901685393258427
352	task_negative	0	sharedreward	trust	0.4747191011235955
352	task_negative	1	trust	sharedreward	0.5140449438202247
352	residualized	0	sharedreward	trust	0.5140449438202247
352	residualized	1	trust	sharedreward	0.49297752808988765
353	original	0	sharedreward	trust	0.497191011235955
353	original	1	trust	sharedreward	0.5056179775280899
353	task_negative	0	sharedreward	trust	0.5028089887640449
353	task_negative	1	trust	sharedreward	0.5252808988764045
353	residualized	0	sharedreward	trust	0.49859550561797755
353	residualized	1	trust	sharedreward	0.5056179775280899
354	original	0	sharedreward	trust	0.5098314606741573
354	original	1	trust	sharedreward	0.5
354	task_negative	0	sharedreward	trust	0.5112359550561798
354	task_negative	1	trust	sharedreward	0.5028089887640449
354	residualized	0	sharedreward	trust	0.5
354	residualized	1	trust	sharedreward	0.5028089887640449
355	original	0	sharedreward	trust	0.5042134831460674
355	original	1	trust	sharedreward	0.5308988764044944
355	task_negative	0	sharedreward	trust	0.49719101123595505
355	task_negative	1	trust	sharedreward	0.49719101123595505
355	residualized	0	sharedreward	trust	0.4957865168539326
355	residualized	1	trust	sharedreward	0.5323033707865169
356	original	0	sharedreward	trust	0.4873595505617977
356	original	1	trust	sharedreward	0.4578651685393258
356	task_negative	0	sharedreward	trust	0.5084269662921348
356	task_negative	1	trust	sharedreward	0.5196629213483146
356	residualized	0	sharedreward	trust	0.48174157303370785
356	residualized	1	trust	sharedreward	0.4691011235955056
357	original	0	sharedreward	trust	0.5014044943820225
357	original	1	trust	sharedreward	0.5182584269662921
357	task_negative	0	sharedreward	trust	0.5393258426966292
357	task_negative	1	trust	sharedreward	0.5421348314606742
357	residualized	0	sharedreward	trust	0.5028089887640449
357	residualized	1	trust	sharedreward	0.5112359550561798
358	original	0	sharedreward	trust	0.4634831460674157
358	original	1	trust	sharedreward	0.4648876404494382
358	task_negative	0	sharedreward	trust	0.5
358	task_negative	1	trust	sharedreward	0.46629213483146065
358	residualized	0	sharedreward	trust	0.45786516853932585
358	residualized	1	trust	sharedreward	0.46207865168539325
359	original	0	sharedreward	trust	0.5154494382022472
359	original	1	trust	sharedreward	0.4929775280898876
359	task_negative	0	sharedreward	trust	0.5449438202247191
359	task_negative	1	trust	sharedreward	0.49157303370786515
359	residualized	0	sharedreward	trust	0.5126404494382022
359	residualized	1	trust	sharedreward	0.4887640449438202
360	original	0	sharedreward	trust	0.5126404494382022
360	original	1	trust	sharedreward	0.5308988764044944
360	task_negative	0	sharedreward	trust	0.5365168539325843
360	task_negative	1	trust	sharedreward	0.5112359550561798
360	residualized	0	sharedreward	trust	0.5168539325842697
360	residualized	1	trust	sharedreward	0.5337078651685393
361	original	0	sharedreward	trust	0.4845505617977528
361	original	1	trust	sharedreward	0.4775280898876404
361	task_negative	0	sharedreward	trust	0.49157303370786515
361	task_negative	1	trust	sharedreward	0.5
361	residualized	0	sharedreward	trust	0.4789325842696629
361	residualized	1	trust	sharedreward	0.4705056179775281
362	original	0	sharedreward	trust	0.4747191011235955
362	original	1	trust	sharedreward	0.5014044943820225
362	task_negative	0	sharedreward	trust	0.4943820224719101
362	task_negative	1	trust	sharedreward	0.5140449438202247
362	residualized	0	sharedreward	trust	0.4747191011235955
362	residualized	1	trust	sharedreward	0.49157303370786515
363	original	0	sharedreward	trust	0.5365168539325843
363	original	1	trust	sharedreward	0.5252808988764045
363	task_negative	0	sharedreward	trust	0.5168539325842697
363	task_negative	1	trust	sharedreward	0.5
363	residualized	0	sharedreward	trust	0.5294943820224719
363	residualized	1	trust	sharedreward	0.523876404494382
364	original	0	sharedreward	trust	0.4915730337078651
364	original	1	trust	sharedreward	0.5098314606741573
364	task_negative	0	sharedreward	trust	0.5365168539325843
364	task_negative	1	trust	sharedreward	0.5084269662921348
364	residualized	0	sharedreward	trust	0.49297752808988765
364	residualized	1	trust	sharedreward	0.5042134831460674
365	original	0	sharedreward	trust	0.4747191011235955
365	original	1	trust	sharedreward	0.4676966292134831
365	task_negative	0	sharedreward	trust	0.5224719101123596
365	task_negative	1	trust	sharedreward	0.5112359550561798
365	residualized	0	sharedreward	trust	0.4691011235955056
365	residualized	1	trust	sharedreward	0.46348314606741575
366	original	0	sharedreward	trust	0.4845505617977528
366	original	1	trust	sharedreward	0.5098314606741573
366	task_negative	0	sharedreward	trust	0.4859550561797753
366	task_negative	1	trust	sharedreward	0.49157303370786515
366	residualized	0	sharedreward	trust	0.4845505617977528
366	residualized	1	trust	sharedreward	0.5056179775280899
367	original	0	sharedreward	trust	0.5168539325842697
367	original	1	trust	sharedreward	0.497191011235955
367	task_negative	0	sharedreward	trust	0.5056179775280899
367	task_negative	1	trust	sharedreward	0.4859550561797753
367	residualized	0	sharedreward	trust	0.5140449438202247
367	residualized	1	trust	sharedreward	0.4943820224719101
368	original	0	sharedreward	trust	0.4859550561797753
368	original	1	trust	sharedreward	0.4789325842696629
368	task_negative	0	sharedreward	trust	0.5
368	task_negative	1	trust	sharedreward	0.49157303370786515
368	residualized	0	sharedreward	trust	0.476123595505618
368	residualized	1	trust	sharedreward	0.4803370786516854
369	original	0	sharedreward	trust	0.5056179775280899
369	original	1	trust	sharedreward	0.5042134831460674
369	task_negative	0	sharedreward	trust	0.5393258426966292
369	task_negative	1	trust	sharedreward	0.5224719101123596
369	residualized	0	sharedreward	trust	0.5042134831460674
369	residualized	1	trust	sharedreward	0.5056179775280899
370	original	0	sharedreward	trust	0.4887640449438202
370	original	1	trust	sharedreward	0.4915730337078651
370	task_negative	0	sharedreward	trust	0.45224719101123595
370	task_negative	1	trust	sharedreward	0.48314606741573035
370	residualized	0	sharedreward	trust	0.4901685393258427
370	residualized	1	trust	sharedreward	0.48314606741573035
371	original	0	sharedreward	trust	0.4845505617977528
371	original	1	trust	sharedreward	0.4915730337078651
371	task_negative	0	sharedreward	trust	0.4859550561797753
371	task_negative	1	trust	sharedreward	0.45224719101123595
371	residualized	0	sharedreward	trust	0.4803370786516854
371	residualized	1	trust	sharedreward	0.49719101123595505
372	original	0	sharedreward	trust	0.4985955056179775
372	original	1	trust	sharedreward	0.4957865168539326
372	task_negative	0	sharedreward	trust	0.5112359550561798
372	task_negative	1	trust	sharedreward	0.5308988764044944
372	residualized	0	sharedreward	trust	0.5014044943820225
372	residualized	1	trust	sharedreward	0.49719101123595505
373	original	0	sharedreward	trust	0.4803370786516854
373	original	1	trust	sharedreward	0.4915730337078651
373	task_negative	0	sharedreward	trust	0.47191011235955055
373	task_negative	1	trust	sharedreward	0.5
373	residualized	0	sharedreward	trust	0.48174157303370785
373	residualized	1	trust	sharedreward	0.48174157303370785
374	original	0	sharedreward	trust	0.4957865168539326
374	original	1	trust	sharedreward	0.4803370786516854
374	task_negative	0	sharedreward	trust	0.47752808988764045
374	task_negative	1	trust	sharedreward	0.4943820224719101
374	residualized	0	sharedreward	trust	0.4957865168539326
374	residualized	1	trust	sharedreward	0.48174157303370785
375	original	0	sharedreward	trust	0.5014044943820225
375	original	1	trust	sharedreward	0.5112359550561798
375	task_negative	0	sharedreward	trust	0.5
375	task_negative	1	trust	sharedreward	0.5056179775280899
375	residualized	0	sharedreward	trust	0.49719101123595505
375	residualized	1	trust	sharedreward	0.5140449438202247
376	original	0	sharedreward	trust	0.5
376	original	1	trust	sharedreward	0.5126404494382022
376	task_negative	0	sharedreward	trust	0.48314606741573035
376	task_negative	1	trust	sharedreward	0.5
376	residualized	0	sharedreward	trust	0.49719101123595505
376	residualized	1	trust	sharedreward	0.5182584269662921
377	original	0	sharedreward	trust	0.4845505617977528
377	original	1	trust	sharedreward	0.4957865168539326
377	task_negative	0	sharedreward	trust	0.5084269662921348
377	task_negative	1	trust	sharedreward	0.49719101123595505
377	residualized	0	sharedreward	trust	0.48174157303370785
377	residualized	1	trust	sharedreward	0.49719101123595505
378	original	0	sharedreward	trust	0.4564606741573033
378	original	1	trust	sharedreward	0.4789325842696629
378	task_negative	0	sharedreward	trust	0.47752808988764045
378	task_negative	1	trust	sharedreward	0.49719101123595505
378	residualized	0	sharedreward	trust	0.45786516853932585
378	residualized	1	trust	sharedreward	0.4747191011235955
379	original	0	sharedreward	trust	0.5
379	original	1	trust	sharedreward	0.5098314606741573
379	task_negative	0	sharedreward	trust	0.5056179775280899
379	task_negative	1	trust	sharedreward	0.4887640449438202
379	residualized	0	sharedreward	trust	0.5
379	residualized	1	trust	sharedreward	0.5028089887640449
380	original	0	sharedreward	trust	0.4634831460674157
380	original	1	trust	sharedreward	0.4676966292134831
380	task_negative	0	sharedreward	trust	0.5028089887640449
380	task_negative	1	trust	sharedreward	0.5
380	residualized	0	sharedreward	trust	0.45646067415730335
380	residualized	1	trust	sharedreward	0.4691011235955056
381	original	0	sharedreward	trust	0.5070224719101124
381	original	1	trust	sharedreward	0.526685393258427
381	task_negative	0	sharedreward	trust	0.5252808988764045
381	task_negative	1	trust	sharedreward	0.44662921348314605
381	residualized	0	sharedreward	trust	0.5098314606741573
381	residualized	1	trust	sharedreward	0.5294943820224719
382	original	0	sharedreward	trust	0.5575842696629213
382	original	1	trust	sharedreward	0.5224719101123596
382	task_negative	0	sharedreward	trust	0.5196629213483146
382	task_negative	1	trust	sharedreward	0.5168539325842697
382	residualized	0	sharedreward	trust	0.5632022471910112
382	residualized	1	trust	sharedreward	0.523876404494382
383	original	0	sharedreward	trust	0.4803370786516854
383	original	1	trust	sharedreward	0.5
383	task_negative	0	sharedreward	trust	0.5
383	task_negative	1	trust	sharedreward	0.5
383	residualized	0	sharedreward	trust	0.4789325842696629
383	residualized	1	trust	sharedreward	0.5
384	original	0	sharedreward	trust	0.5294943820224719
384	original	1	trust	sharedreward	0.5182584269662921
384	task_negative	0	sharedreward	trust	0.45786516853932585
384	task_negative	1	trust	sharedreward	0.49719101123595505
384	residualized	0	sharedreward	trust	0.5182584269662921
384	residualized	1	trust	sharedreward	0.5098314606741573
385	original	0	sharedreward	trust	0.4873595505617977
385	original	1	trust	sharedreward	0.4901685393258427
385	task_negative	0	sharedreward	trust	0.5
385	task_negative	1	trust	sharedreward	0.5084269662921348
385	residualized	0	sharedreward	trust	0.49157303370786515
385	residualized	1	trust	sharedreward	0.48314606741573035
386	original	0	sharedreward	trust	0.4775280898876404
386	original	1	trust	sharedreward	0.497191011235955
386	task_negative	0	sharedreward	trust	0.49719101123595505
386	task_negative	1	trust	sharedreward	0.49719101123595505
386	residualized	0	sharedreward	trust	0.47752808988764045
386	residualized	1	trust	sharedreward	0.49297752808988765
387	original	0	sharedreward	trust	0.5084269662921348
387	original	1	trust	sharedreward	0.5168539325842697
387	task_negative	0	sharedreward	trust	0.5
387	task_negative	1	trust	sharedreward	0.4859550561797753
387	residualized	0	sharedreward	trust	0.5098314606741573
387	residualized	1	trust	sharedreward	0.526685393258427
388	original	0	sharedreward	trust	0.497191011235955
388	original	1	trust	sharedreward	0.5084269662921348
388	task_negative	0	sharedreward	trust	0.4606741573033708
388	task_negative	1	trust	sharedreward	0.49719101123595505
388	residualized	0	sharedreward	trust	0.48735955056179775
388	residualized	1	trust	sharedreward	0.5070224719101124
389	original	0	sharedreward	trust	0.5028089887640449
389	original	1	trust	sharedreward	0.4845505617977528
389	task_negative	0	sharedreward	trust	0.5
389	task_negative	1	trust	sharedreward	0.4747191011235955
389	residualized	0	sharedreward	trust	0.5112359550561798
389	residualized	1	trust	sharedreward	0.4859550561797753
390	original	0	sharedreward	trust	0.5042134831460674
390	original	1	trust	sharedreward	0.526685393258427
390	task_negative	0	sharedreward	trust	0.5112359550561798
390	task_negative	1	trust	sharedreward	0.5
390	residualized	0	sharedreward	trust	0.5014044943820225
390	residualized	1	trust	sharedreward	0.5280898876404494
391	original	0	sharedreward	trust	0.5028089887640449
391	original	1	trust	sharedreward	0.476123595505618
391	task_negative	0	sharedreward	trust	0.5
391	task_negative	1	trust	sharedreward	0.4747191011235955
391	residualized	0	sharedreward	trust	0.4957865168539326
391	residualized	1	trust	sharedreward	0.47191011235955055
392	original	0	sharedreward	trust	0.476123595505618
392	original	1	trust	sharedreward	0.4859550561797753
392	task_negative	0	sharedreward	trust	0.5
392	task_negative	1	trust	sharedreward	0.49719101123595505
392	residualized	0	sharedreward	trust	0.48174157303370785
392	residualized	1	trust	sharedreward	0.4803370786516854
393	original	0	sharedreward	trust	0.4957865168539326
393	original	1	trust	sharedreward	0.4901685393258427
393	task_negative	0	sharedreward	trust	0.47191011235955055
393	task_negative	1	trust	sharedreward	0.5
393	residualized	0	sharedreward	trust	0.5014044943820225
393	residualized	1	trust	sharedreward	0.49157303370786515
394	original	0	sharedreward	trust	0.5140449438202247
394	original	1	trust	sharedreward	0.5280898876404494
394	task_negative	0	sharedreward	trust	0.4859550561797753
394	task_negative	1	trust	sharedreward	0.5
394	residualized	0	sharedreward	trust	0.5070224719101124
394	residualized	1	trust	sharedreward	0.5308988764044944
395	original	0	sharedreward	trust	0.5042134831460674
395	original	1	trust	sharedreward	0.4957865168539326
395	task_negative	0	sharedreward	trust	0.4410112359550562
395	task_negative	1	trust	sharedreward	0.46348314606741575
395	residualized	0	sharedreward	trust	0.5028089887640449
395	residualized	1	trust	sharedreward	0.49859550561797755
396	original	0	sharedreward	trust	0.4985955056179775
396	original	1	trust	sharedreward	0.4845505617977528
396	task_negative	0	sharedreward	trust	0.5
396	task_negative	1	trust	sharedreward	0.49157303370786515
396	residualized	0	sharedreward	trust	0.5014044943820225
396	residualized	1	trust	sharedreward	0.4859550561797753
397	original	0	sharedreward	trust	0.5070224719101124
397	original	1	trust	sharedreward	0.5126404494382022
397	task_negative	0	sharedreward	trust	0.5056179775280899
397	task_negative	1	trust	sharedreward	0.5252808988764045
397	residualized	0	sharedreward	trust	0.5098314606741573
397	residualized	1	trust	sharedreward	0.5210674157303371
398	original	0	sharedreward	trust	0.5210674157303371
398	original	1	trust	sharedreward	0.5351123595505618
398	task_negative	0	sharedreward	trust	0.5280898876404494
398	task_negative	1	trust	sharedreward	0.5084269662921348
398	residualized	0	sharedreward	trust	0.523876404494382
398	residualized	1	trust	sharedreward	0.5407303370786517
399	original	0	sharedreward	trust	0.4831460674157303
399	original	1	trust	sharedreward	0.5140449438202247
399	task_negative	0	sharedreward	trust	0.5
399	task_negative	1	trust	sharedreward	0.49157303370786515
399	residualized	0	sharedreward	trust	0.48735955056179775
399	residualized	1	trust	sharedreward	0.5140449438202247
400	original	0	sharedreward	trust	0.5280898876404494
400	original	1	trust	sharedreward	0.5210674157303371
400	task_negative	0	sharedreward	trust	0.449438202247191
400	task_negative	1	trust	sharedreward	0.4410112359550562
400	residualized	0	sharedreward	trust	0.5308988764044944
400	residualized	1	trust	sharedreward	0.5112359550561798
401	original	0	sharedreward	trust	0.4929775280898876
401	original	1	trust	sharedreward	0.5014044943820225
401	task_negative	0	sharedreward	trust	0.5084269662921348
401	task_negative	1	trust	sharedreward	0.48314606741573035
401	residualized	0	sharedreward	trust	0.4803370786516854
401	residualized	1	trust	sharedreward	0.5
402	original	0	sharedreward	trust	0.4943820224719101
402	original	1	trust	sharedreward	0.4817415730337078
402	task_negative	0	sharedreward	trust	0.4606741573033708
402	task_negative	1	trust	sharedreward	0.5
402	residualized	0	sharedreward	trust	0.5014044943820225
402	residualized	1	trust	sharedreward	0.49297752808988765
403	original	0	sharedreward	trust	0.4803370786516854
403	original	1	trust	sharedreward	0.4929775280898876
403	task_negative	0	sharedreward	trust	0.5
403	task_negative	1	trust	sharedreward	0.4859550561797753
403	residualized	0	sharedreward	trust	0.4789325842696629
403	residualized	1	trust	sharedreward	0.49157303370786515
404	original	0	sharedreward	trust	0.4606741573033708
404	original	1	trust	sharedreward	0.4817415730337078
404	task_negative	0	sharedreward	trust	0.5056179775280899
404	task_negative	1	trust	sharedreward	0.45224719101123595
404	residualized	0	sharedreward	trust	0.46207865168539325
404	residualized	1	trust	sharedreward	0.4789325842696629
405	original	0	sharedreward	trust	0.4985955056179775
405	original	1	trust	sharedreward	0.5042134831460674
405	task_negative	0	sharedreward	trust	0.47752808988764045
405	task_negative	1	trust	sharedreward	0.5
405	residualized	0	sharedreward	trust	0.5
405	residualized	1	trust	sharedreward	0.5070224719101124
406	original	0	sharedreward	trust	0.476123595505618
406	original	1	trust	sharedreward	0.4817415730337078
406	task_negative	0	sharedreward	trust	0.48314606741573035
406	task_negative	1	trust	sharedreward	0.5056179775280899
406	residualized	0	sharedreward	trust	0.47752808988764045
406	residualized	1	trust	sharedreward	0.48174157303370785
407	original	0	sharedreward	trust	0.4943820224719101
407	original	1	trust	sharedreward	0.497191011235955
407	task_negative	0	sharedreward	trust	0.5056179775280899
407	task_negative	1	trust	sharedreward	0.4859550561797753
407	residualized	0	sharedreward	trust	0.5
407	residualized	1	trust	sharedreward	0.5014044943820225
408	original	0	sharedreward	trust	0.4705056179775281
408	original	1	trust	sharedreward	0.4747191011235955
408	task_negative	0	sharedreward	trust	0.5084269662921348
408	task_negative	1	trust	sharedreward	0.4943820224719101
408	residualized	0	sharedreward	trust	0.47191011235955055
408	residualized	1	trust	sharedreward	0.4887640449438202
409	original	0	sharedreward	trust	0.4747191011235955
409	original	1	trust	sharedreward	0.5042134831460674
409	task_negative	0	sharedreward	trust	0.5056179775280899
409	task_negative	1	trust	sharedreward	0.49157303370786515
409	residualized	0	sharedreward	trust	0.46769662921348315
409	residualized	1	trust	sharedreward	0.5042134831460674
410	original	0	sharedreward	trust	0.476123595505618
410	original	1	trust	sharedreward	0.4873595505617977
410	task_negative	0	sharedreward	trust	0.49157303370786515
410	task_negative	1	trust	sharedreward	0.47752808988764045
410	residualized	0	sharedreward	trust	0.4705056179775281
410	residualized	1	trust	sharedreward	0.49157303370786515
411	original	0	sharedreward	trust	0.4803370786516854
411	original	1	trust	sharedreward	0.4789325842696629
411	task_negative	0	sharedreward	trust	0.5
411	task_negative	1	trust	sharedreward	0.5084269662921348
411	residualized	0	sharedreward	trust	0.4845505617977528
411	residualized	1	trust	sharedreward	0.48314606741573035
412	original	0	sharedreward	trust	0.4775280898876404
412	original	1	trust	sharedreward	0.4634831460674157
412	task_negative	0	sharedreward	trust	0.46629213483146065
412	task_negative	1	trust	sharedreward	0.49157303370786515
412	residualized	0	sharedreward	trust	0.4845505617977528
412	residualized	1	trust	sharedreward	0.4592696629213483
413	original	0	sharedreward	trust	0.4957865168539326
413	original	1	trust	sharedreward	0.5210674157303371
413	task_negative	0	sharedreward	trust	0.4943820224719101
413	task_negative	1	trust	sharedreward	0.4803370786516854
413	residualized	0	sharedreward	trust	0.5
413	residualized	1	trust	sharedreward	0.5182584269662921
414	original	0	sharedreward	trust	0.4817415730337078
414	original	1	trust	sharedreward	0.4859550561797753
414	task_negative	0	sharedreward	trust	0.5308988764044944
414	task_negative	1	trust	sharedreward	0.5421348314606742
414	residualized	0	sharedreward	trust	0.4887640449438202
414	residualized	1	trust	sharedreward	0.4845505617977528
415	original	0	sharedreward	trust	0.5070224719101124
415	original	1	trust	sharedreward	0.4915730337078651
415	task_negative	0	sharedreward	trust	0.4943820224719101
415	task_negative	1	trust	sharedreward	0.5308988764044944
415	residualized	0	sharedreward	trust	0.5
415	residualized	1	trust	sharedreward	0.5
416	original	0	sharedreward	trust	0.4887640449438202
416	original	1	trust	sharedreward	0.497191011235955
416	task_negative	0	sharedreward	trust	0.49719101123595505
416	task_negative	1	trust	sharedreward	0.5140449438202247
416	residualized	0	sharedreward	trust	0.4859550561797753
416	residualized	1	trust	sharedreward	0.49859550561797755
417	original	0	sharedreward	trust	0.4648876404494382
417	original	1	trust	sharedreward	0.5098314606741573
417	task_negative	0	sharedreward	trust	0.4943820224719101
417	task_negative	1	trust	sharedreward	0.4887640449438202
417	residualized	0	sharedreward	trust	0.46769662921348315
417	residualized	1	trust	sharedreward	0.5042134831460674
418	original	0	sharedreward	trust	0.4747191011235955
418	original	1	trust	sharedreward	0.4943820224719101
418	task_negative	0	sharedreward	trust	0.5084269662921348
418	task_negative	1	trust	sharedreward	0.5084269662921348
418	residualized	0	sharedreward	trust	0.4705056179775281
418	residualized	1	trust	sharedreward	0.48735955056179775
419	original	0	sharedreward	trust	0.5084269662921348
419	original	1	trust	sharedreward	0.547752808988764
419	task_negative	0	sharedreward	trust	0.5056179775280899
419	task_negative	1	trust	sharedreward	0.5112359550561798
419	residualized	0	sharedreward	trust	0.5154494382022472
419	residualized	1	trust	sharedreward	0.5407303370786517
420	original	0	sharedreward	trust	0.476123595505618
420	original	1	trust	sharedreward	0.4859550561797753
420	task_negative	0	sharedreward	trust	0.5
420	task_negative	1	trust	sharedreward	0.5
420	residualized	0	sharedreward	trust	0.4789325842696629
420	residualized	1	trust	sharedreward	0.48174157303370785
421	original	0	sharedreward	trust	0.4957865168539326
421	original	1	trust	sharedreward	0.5294943820224719
421	task_negative	0	sharedreward	trust	0.5056179775280899
421	task_negative	1	trust	sharedreward	0.5028089887640449
421	residualized	0	sharedreward	trust	0.4887640449438202
421	residualized	1	trust	sharedreward	0.523876404494382
422	original	0	sharedreward	trust	0.4929775280898876
422	original	1	trust	sharedreward	0.4985955056179775
422	task_negative	0	sharedreward	trust	0.49719101123595505
422	task_negative	1	trust	sharedreward	0.49157303370786515
422	residualized	0	sharedreward	trust	0.4887640449438202
422	residualized	1	trust	sharedreward	0.5056179775280899
423	original	0	sharedreward	trust	0.4845505617977528
423	original	1	trust	sharedreward	0.4789325842696629
423	task_negative	0	sharedreward	trust	0.5337078651685393
423	task_negative	1	trust	sharedreward	0.5252808988764045
423	residualized	0	sharedreward	trust	0.47752808988764045
423	residualized	1	trust	sharedreward	0.48174157303370785
424	original	0	sharedreward	trust	0.5056179775280899
424	original	1	trust	sharedreward	0.4915730337078651
424	task_negative	0	sharedreward	trust	0.4943820224719101
424	task_negative	1	trust	sharedreward	0.48314606741573035
424	residualized	0	sharedreward	trust	0.5140449438202247
424	residualized	1	trust	sharedreward	0.4901685393258427
425	original	0	sharedreward	trust	0.4929775280898876
425	original	1	trust	sharedreward	0.5098314606741573
425	task_negative	0	sharedreward	trust	0.5056179775280899
425	task_negative	1	trust	sharedreward	0.5
425	residualized	0	sharedreward	trust	0.49157303370786515
425	residualized	1	trust	sharedreward	0.5098314606741573
426	original	0	sharedreward	trust	0.5042134831460674
426	original	1	trust	sharedreward	0.4859550561797753
426	task_negative	0	sharedreward	trust	0.4803370786516854
426	task_negative	1	trust	sharedreward	0.5028089887640449
426	residualized	0	sharedreward	trust	0.5
426	residualized	1	trust	sharedreward	0.4803370786516854
427	original	0	sharedreward	trust	0.4943820224719101
427	original	1	trust	sharedreward	0.5056179775280899
427	task_negative	0	sharedreward	trust	0.4803370786516854
427	task_negative	1	trust	sharedreward	0.46348314606741575
427	residualized	0	sharedreward	trust	0.49297752808988765
427	residualized	1	trust	sharedreward	0.5168539325842697
428	original	0	sharedreward	trust	0.5182584269662921
428	original	1	trust	sharedreward	0.5196629213483146
428	task_negative	0	sharedreward	trust	0.4943820224719101
428	task_negative	1	trust	sharedreward	0.5168539325842697
428	residualized	0	sharedreward	trust	0.5168539325842697
428	residualized	1	trust	sharedreward	0.5210674157303371
429	original	0	sharedreward	trust	0.5308988764044944
429	original	1	trust	sharedreward	0.5407303370786517
429	task_negative	0	sharedreward	trust	0.5280898876404494
429	task_negative	1	trust	sharedreward	0.5702247191011236
429	residualized	0	sharedreward	trust	0.5365168539325843
429	residualized	1	trust	sharedreward	0.5393258426966292
430	original	0	sharedreward	trust	0.5126404494382022
430	original	1	trust	sharedreward	0.4929775280898876
430	task_negative	0	sharedreward	trust	0.49719101123595505
430	task_negative	1	trust	sharedreward	0.5028089887640449
430	residualized	0	sharedreward	trust	0.5112359550561798
430	residualized	1	trust	sharedreward	0.4901685393258427
431	original	0	sharedreward	trust	0.5182584269662921
431	original	1	trust	sharedreward	0.4564606741573033
431	task_negative	0	sharedreward	trust	0.5112359550561798
431	task_negative	1	trust	sharedreward	0.49719101123595505
431	residualized	0	sharedreward	trust	0.5252808988764045
431	residualized	1	trust	sharedreward	0.46207865168539325
432	original	0	sharedreward	trust	0.5070224719101124
432	original	1	trust	sharedreward	0.5098314606741573
432	task_negative	0	sharedreward	trust	0.5
432	task_negative	1	trust	sharedreward	0.5
432	residualized	0	sharedreward	trust	0.5126404494382022
432	residualized	1	trust	sharedreward	0.5112359550561798
433	original	0	sharedreward	trust	0.4943820224719101
433	original	1	trust	sharedreward	0.4831460674157303
433	task_negative	0	sharedreward	trust	0.5112359550561798
433	task_negative	1	trust	sharedreward	0.5056179775280899
433	residualized	0	sharedreward	trust	0.4901685393258427
433	residualized	1	trust	sharedreward	0.48314606741573035
434	original	0	sharedreward	trust	0.5
434	original	1	trust	sharedreward	0.5112359550561798
434	task_negative	0	sharedreward	trust	0.47191011235955055
434	task_negative	1	trust	sharedreward	0.5028089887640449
434	residualized	0	sharedreward	trust	0.5140449438202247
434	residualized	1	trust	sharedreward	0.5056179775280899
435	original	0	sharedreward	trust	0.4887640449438202
435	original	1	trust	sharedreward	0.4831460674157303
435	task_negative	0	sharedreward	trust	0.5084269662921348
435	task_negative	1	trust	sharedreward	0.48314606741573035
435	residualized	0	sharedreward	trust	0.5
435	residualized	1	trust	sharedreward	0.4803370786516854
436	original	0	sharedreward	trust	0.4634831460674157
436	original	1	trust	sharedreward	0.476123595505618
436	task_negative	0	sharedreward	trust	0.4803370786516854
436	task_negative	1	trust	sharedreward	0.4859550561797753
436	residualized	0	sharedreward	trust	0.4606741573033708
436	residualized	1	trust	sharedreward	0.48314606741573035
437	original	0	sharedreward	trust	0.5126404494382022
437	original	1	trust	sharedreward	0.4901685393258427
437	task_negative	0	sharedreward	trust	0.5168539325842697
437	task_negative	1	trust	sharedreward	0.5112359550561798
437	residualized	0	sharedreward	trust	0.5042134831460674
437	residualized	1	trust	sharedreward	0.49297752808988765
438	original	0	sharedreward	trust	0.5294943820224719
438	original	1	trust	sharedreward	0.5351123595505618
438	task_negative	0	sharedreward	trust	0.47752808988764045
438	task_negative	1	trust	sharedreward	0.4747191011235955
438	residualized	0	sharedreward	trust	0.5210674157303371
438	residualized	1	trust	sharedreward	0.5407303370786517
439	original	0	sharedreward	trust	0.4831460674157303
439	original	1	trust	sharedreward	0.4957865168539326
439	task_negative	0	sharedreward	trust	0.5056179775280899
439	task_negative	1	trust	sharedreward	0.5
439	residualized	0	sharedreward	trust	0.4943820224719101
439	residualized	1	trust	sharedreward	0.49297752808988765
440	original	0	sharedreward	trust	0.4943820224719101
440	original	1	trust	sharedreward	0.4789325842696629
440	task_negative	0	sharedreward	trust	0.4859550561797753
440	task_negative	1	trust	sharedreward	0.5
440	residualized	0	sharedreward	trust	0.4901685393258427
440	residualized	1	trust	sharedreward	0.48314606741573035
441	original	0	sharedreward	trust	0.5252808988764045
441	original	1	trust	sharedreward	0.5098314606741573
441	task_negative	0	sharedreward	trust	0.47191011235955055
441	task_negative	1	trust	sharedreward	0.4859550561797753
441	residualized	0	sharedreward	trust	0.5280898876404494
441	residualized	1	trust	sharedreward	0.5070224719101124
442	original	0	sharedreward	trust	0.523876404494382
442	original	1	trust	sharedreward	0.5014044943820225
442	task_negative	0	sharedreward	trust	0.4943820224719101
442	task_negative	1	trust	sharedreward	0.5589887640449438
442	residualized	0	sharedreward	trust	0.5308988764044944
442	residualized	1	trust	sharedreward	0.49157303370786515
443	original	0	sharedreward	trust	0.5182584269662921
443	original	1	trust	sharedreward	0.5182584269662921
443	task_negative	0	sharedreward	trust	0.5337078651685393
443	task_negative	1	trust	sharedreward	0.5084269662921348
443	residualized	0	sharedreward	trust	0.5210674157303371
443	residualized	1	trust	sharedreward	0.5154494382022472
444	original	0	sharedreward	trust	0.4845505617977528
444	original	1	trust	sharedreward	0.5140449438202247
444	task_negative	0	sharedreward	trust	0.4859550561797753
444	task_negative	1	trust	sharedreward	0.4803370786516854
444	residualized	0	sharedreward	trust	0.4845505617977528
444	residualized	1	trust	sharedreward	0.5196629213483146
445	original	0	sharedreward	trust	0.4929775280898876
445	original	1	trust	sharedreward	0.497191011235955
445	task_negative	0	sharedreward	trust	0.5
445	task_negative	1	trust	sharedreward	0.4859550561797753
445	residualized	0	sharedreward	trust	0.49297752808988765
445	residualized	1	trust	sharedreward	0.5014044943820225
446	original	0	sharedreward	trust	0.4691011235955056
446	original	1	trust	sharedreward	0.4747191011235955
446	task_negative	0	sharedreward	trust	0.5028089887640449
446	task_negative	1	trust	sharedreward	0.5028089887640449
446	residualized	0	sharedreward	trust	0.46348314606741575
446	residualized	1	trust	sharedreward	0.48174157303370785
447	original	0	sharedreward	trust	0.4887640449438202
447	original	1	trust	sharedreward	0.5056179775280899
447	task_negative	0	sharedreward	trust	0.5449438202247191
447	task_negative	1	trust	sharedreward	0.4859550561797753
447	residualized	0	sharedreward	trust	0.48735955056179775
447	residualized	1	trust	sharedreward	0.5070224719101124
448	original	0	sharedreward	trust	0.4915730337078651
448	original	1	trust	sharedreward	0.4691011235955056
448	task_negative	0	sharedreward	trust	0.49157303370786515
448	task_negative	1	trust	sharedreward	0.5196629213483146
448	residualized	0	sharedreward	trust	0.4887640449438202
448	residualized	1	trust	sharedreward	0.4648876404494382
449	original	0	sharedreward	trust	0.5224719101123596
449	original	1	trust	sharedreward	0.4887640449438202
449	task_negative	0	sharedreward	trust	0.4803370786516854
449	task_negative	1	trust	sharedreward	0.46629213483146065
449	residualized	0	sharedreward	trust	0.523876404494382
449	residualized	1	trust	sharedreward	0.4859550561797753
450	original	0	sharedreward	trust	0.5112359550561798
450	original	1	trust	sharedreward	0.5294943820224719
450	task_negative	0	sharedreward	trust	0.5337078651685393
450	task_negative	1	trust	sharedreward	0.5308988764044944
450	residualized	0	sharedreward	trust	0.5168539325842697
450	residualized	1	trust	sharedreward	0.5308988764044944
451	original	0	sharedreward	trust	0.5056179775280899
451	original	1	trust	sharedreward	0.4887640449438202
451	task_negative	0	sharedreward	trust	0.4887640449438202
451	task_negative	1	trust	sharedreward	0.45786516853932585
451	residualized	0	sharedreward	trust	0.49859550561797755
451	residualized	1	trust	sharedreward	0.4859550561797753
452	original	0	sharedreward	trust	0.5
452	original	1	trust	sharedreward	0.5
452	task_negative	0	sharedreward	trust	0.4803370786516854
452	task_negative	1	trust	sharedreward	0.49719101123595505
452	residualized	0	sharedreward	trust	0.5
452	residualized	1	trust	sharedreward	0.4957865168539326
453	original	0	sharedreward	trust	0.4873595505617977
453	original	1	trust	sharedreward	0.4915730337078651
453	task_negative	0	sharedreward	trust	0.5168539325842697
453	task_negative	1	trust	sharedreward	0.5365168539325843
453	residualized	0	sharedreward	trust	0.4859550561797753
453	residualized	1	trust	sharedreward	0.4943820224719101
454	original	0	sharedreward	trust	0.5140449438202247
454	original	1	trust	sharedreward	0.5112359550561798
454	task_negative	0	sharedreward	trust	0.5056179775280899
454	task_negative	1	trust	sharedreward	0.5196629213483146
454	residualized	0	sharedreward	trust	0.5084269662921348
454	residualized	1	trust	sharedreward	0.5098314606741573
455	original	0	sharedreward	trust	0.5028089887640449
455	original	1	trust	sharedreward	0.5407303370786517
455	task_negative	0	sharedreward	trust	0.5449438202247191
455	task_negative	1	trust	sharedreward	0.5084269662921348
455	residualized	0	sharedreward	trust	0.5014044943820225
455	residualized	1	trust	sharedreward	0.5407303370786517
456	original	0	sharedreward	trust	0.5
456	original	1	trust	sharedreward	0.5126404494382022
456	task_negative	0	sharedreward	trust	0.4691011235955056
456	task_negative	1	trust	sharedreward	0.47752808988764045
456	residualized	0	sharedreward	trust	0.5028089887640449
456	residualized	1	trust	sharedreward	0.5224719101123596
457	original	0	sharedreward	trust	0.4662921348314606
457	original	1	trust	sharedreward	0.4901685393258427
457	task_negative	0	sharedreward	trust	0.5280898876404494
457	task_negative	1	trust	sharedreward	0.5421348314606742
457	residualized	0	sharedreward	trust	0.4648876404494382
457	residualized	1	trust	sharedreward	0.4901685393258427
458	original	0	sharedreward	trust	0.4817415730337078
458	original	1	trust	sharedreward	0.4901685393258427
458	task_negative	0	sharedreward	trust	0.5056179775280899
458	task_negative	1	trust	sharedreward	0.4943820224719101
458	residualized	0	sharedreward	trust	0.4901685393258427
458	residualized	1	trust	sharedreward	0.49297752808988765
459	original	0	sharedreward	trust	0.5014044943820225
459	original	1	trust	sharedreward	0.5308988764044944
459	task_negative	0	sharedreward	trust	0.45224719101123595
459	task_negative	1	trust	sharedreward	0.4691011235955056
459	residualized	0	sharedreward	trust	0.5014044943820225
459	residualized	1	trust	sharedreward	0.5294943820224719
460	original	0	sharedreward	trust	0.5351123595505618
460	original	1	trust	sharedreward	0.5337078651685393
460	task_negative	0	sharedreward	trust	0.49719101123595505
460	task_negative	1	trust	sharedreward	0.47191011235955055
460	residualized	0	sharedreward	trust	0.5379213483146067
460	residualized	1	trust	sharedreward	0.5323033707865169
461	original	0	sharedreward	trust	0.5098314606741573
461	original	1	trust	sharedreward	0.5280898876404494
461	task_negative	0	sharedreward	trust	0.47752808988764045
461	task_negative	1	trust	sharedreward	0.4943820224719101
461	residualized	0	sharedreward	trust	0.5196629213483146
461	residualized	1	trust	sharedreward	0.5196629213483146
462	original	0	sharedreward	trust	0.497191011235955
462	original	1	trust	sharedreward	0.5168539325842697
462	task_negative	0	sharedreward	trust	0.5337078651685393
462	task_negative	1	trust	sharedreward	0.5084269662921348
462	residualized	0	sharedreward	trust	0.4943820224719101
462	residualized	1	trust	sharedreward	0.5028089887640449
463	original	0	sharedreward	trust	0.5308988764044944
463	original	1	trust	sharedreward	0.5280898876404494
463	task_negative	0	sharedreward	trust	0.5028089887640449
463	task_negative	1	trust	sharedreward	0.5056179775280899
463	residualized	0	sharedreward	trust	0.5379213483146067
463	residualized	1	trust	sharedreward	0.5210674157303371
464	original	0	sharedreward	trust	0.5028089887640449
464	original	1	trust	sharedreward	0.4578651685393258
464	task_negative	0	sharedreward	trust	0.5140449438202247
464	task_negative	1	trust	sharedreward	0.4943820224719101
464	residualized	0	sharedreward	trust	0.49859550561797755
464	residualized	1	trust	sharedreward	0.46348314606741575
465	original	0	sharedreward	trust	0.5337078651685393
465	original	1	trust	sharedreward	0.5716292134831461
465	task_negative	0	sharedreward	trust	0.5337078651685393
465	task_negative	1	trust	sharedreward	0.5084269662921348
465	residualized	0	sharedreward	trust	0.5252808988764045
465	residualized	1	trust	sharedreward	0.5674157303370787
466	original	0	sharedreward	trust	0.4817415730337078
466	original	1	trust	sharedreward	0.5056179775280899
466	task_negative	0	sharedreward	trust	0.48314606741573035
466	task_negative	1	trust	sharedreward	0.4803370786516854
466	residualized	0	sharedreward	trust	0.48174157303370785
466	residualized	1	trust	sharedreward	0.5042134831460674
467	original	0	sharedreward	trust	0.4901685393258427
467	original	1	trust	sharedreward	0.497191011235955
467	task_negative	0	sharedreward	trust	0.5028089887640449
467	task_negative	1	trust	sharedreward	0.5196629213483146
467	residualized	0	sharedreward	trust	0.49297752808988765
467	residualized	1	trust	sharedreward	0.49859550561797755
468	original	0	sharedreward	trust	0.5098314606741573
468	original	1	trust	sharedreward	0.5210674157303371
468	task_negative	0	sharedreward	trust	0.5168539325842697
468	task_negative	1	trust	sharedreward	0.47191011235955055
468	residualized	0	sharedreward	trust	0.5126404494382022
468	residualized	1	trust	sharedreward	0.5210674157303371
469	original	0	sharedreward	trust	0.5126404494382022
469	original	1	trust	sharedreward	0.5140449438202247
469	task_negative	0	sharedreward	trust	0.47752808988764045
469	task_negative	1	trust	sharedreward	0.48314606741573035
469	residualized	0	sharedreward	trust	0.5084269662921348
469	residualized	1	trust	sharedreward	0.5196629213483146
470	original	0	sharedreward	trust	0.5224719101123596
470	original	1	trust	sharedreward	0.5070224719101124
470	task_negative	0	sharedreward	trust	0.5
470	task_negative	1	trust	sharedreward	0.4943820224719101
470	residualized	0	sharedreward	trust	0.5196629213483146
470	residualized	1	trust	sharedreward	0.5070224719101124
471	original	0	sharedreward	trust	0.4873595505617977
471	original	1	trust	sharedreward	0.4789325842696629
471	task_negative	0	sharedreward	trust	0.49157303370786515
471	task_negative	1	trust	sharedreward	0.5028089887640449
471	residualized	0	sharedreward	trust	0.4845505617977528
471	residualized	1	trust	sharedreward	0.48735955056179775
472	original	0	sharedreward	trust	0.4705056179775281
472	original	1	trust	sharedreward	0.4943820224719101
472	task_negative	0	sharedreward	trust	0.46629213483146065
472	task_negative	1	trust	sharedreward	0.5
472	residualized	0	sharedreward	trust	0.46769662921348315
472	residualized	1	trust	sharedreward	0.4887640449438202
473	original	0	sharedreward	trust	0.4831460674157303
473	original	1	trust	sharedreward	0.4747191011235955
473	task_negative	0	sharedreward	trust	0.5280898876404494
473	task_negative	1	trust	sharedreward	0.547752808988764
473	residualized	0	sharedreward	trust	0.4901685393258427
473	residualized	1	trust	sharedreward	0.4648876404494382
474	original	0	sharedreward	trust	0.4719101123595505
474	original	1	trust	sharedreward	0.4705056179775281
474	task_negative	0	sharedreward	trust	0.4887640449438202
474	task_negative	1	trust	sharedreward	0.5252808988764045
474	residualized	0	sharedreward	trust	0.4705056179775281
474	residualized	1	trust	sharedreward	0.46769662921348315
475	original	0	sharedreward	trust	0.5028089887640449
475	original	1	trust	sharedreward	0.5182584269662921
475	task_negative	0	sharedreward	trust	0.4887640449438202
475	task_negative	1	trust	sharedreward	0.49157303370786515
475	residualized	0	sharedreward	trust	0.5028089887640449
475	residualized	1	trust	sharedreward	0.5168539325842697
476	original	0	sharedreward	trust	0.4873595505617977
476	original	1	trust	sharedreward	0.4775280898876404
476	task_negative	0	sharedreward	trust	0.5084269662921348
476	task_negative	1	trust	sharedreward	0.5
476	residualized	0	sharedreward	trust	0.4957865168539326
476	residualized	1	trust	sharedreward	0.4803370786516854
477	original	0	sharedreward	trust	0.4957865168539326
477	original	1	trust	sharedreward	0.5337078651685393
477	task_negative	0	sharedreward	trust	0.4438202247191011
477	task_negative	1	trust	sharedreward	0.45786516853932585
477	residualized	0	sharedreward	trust	0.5084269662921348
477	residualized	1	trust	sharedreward	0.523876404494382
478	original	0	sharedreward	trust	0.473314606741573
478	original	1	trust	sharedreward	0.4747191011235955
478	task_negative	0	sharedreward	trust	0.5
478	task_negative	1	trust	sharedreward	0.5308988764044944
478	residualized	0	sharedreward	trust	0.4747191011235955
478	residualized	1	trust	sharedreward	0.476123595505618
479	original	0	sharedreward	trust	0.4831460674157303
479	original	1	trust	sharedreward	0.5070224719101124
479	task_negative	0	sharedreward	trust	0.5280898876404494
479	task_negative	1	trust	sharedreward	0.547752808988764
479	residualized	0	sharedreward	trust	0.4859550561797753
479	residualized	1	trust	sharedreward	0.5084269662921348
480	original	0	sharedreward	trust	0.4873595505617977
480	original	1	trust	sharedreward	0.4957865168539326
480	task_negative	0	sharedreward	trust	0.5
480	task_negative	1	trust	sharedreward	0.5
480	residualized	0	sharedreward	trust	0.49719101123595505
480	residualized	1	trust	sharedreward	0.49719101123595505
481	original	0	sharedreward	trust	0.4873595505617977
481	original	1	trust	sharedreward	0.4845505617977528
481	task_negative	0	sharedreward	trust	0.4887640449438202
481	task_negative	1	trust	sharedreward	0.5
481	residualized	0	sharedreward	trust	0.4845505617977528
481	residualized	1	trust	sharedreward	0.49157303370786515
482	original	0	sharedreward	trust	0.4803370786516854
482	original	1	trust	sharedreward	0.4929775280898876
482	task_negative	0	sharedreward	trust	0.47752808988764045
482	task_negative	1	trust	sharedreward	0.49719101123595505
482	residualized	0	sharedreward	trust	0.48735955056179775
482	residualized	1	trust	sharedreward	0.4957865168539326
483	original	0	sharedreward	trust	0.5014044943820225
483	original	1	trust	sharedreward	0.5140449438202247
483	task_negative	0	sharedreward	trust	0.5168539325842697
483	task_negative	1	trust	sharedreward	0.5196629213483146
483	residualized	0	sharedreward	trust	0.5056179775280899
483	residualized	1	trust	sharedreward	0.5098314606741573
484	original	0	sharedreward	trust	0.5154494382022472
484	original	1	trust	sharedreward	0.5084269662921348
484	task_negative	0	sharedreward	trust	0.5140449438202247
484	task_negative	1	trust	sharedreward	0.4803370786516854
484	residualized	0	sharedreward	trust	0.5112359550561798
484	residualized	1	trust	sharedreward	0.5056179775280899
485	original	0	sharedreward	trust	0.4901685393258427
485	original	1	trust	sharedreward	0.5014044943820225
485	task_negative	0	sharedreward	trust	0.47752808988764045
485	task_negative	1	trust	sharedreward	0.44662921348314605
485	residualized	0	sharedreward	trust	0.4943820224719101
485	residualized	1	trust	sharedreward	0.5014044943820225
486	original	0	sharedreward	trust	0.5070224719101124
486	original	1	trust	sharedreward	0.4985955056179775
486	task_negative	0	sharedreward	trust	0.5449438202247191
486	task_negative	1	trust	sharedreward	0.5533707865168539
486	residualized	0	sharedreward	trust	0.5126404494382022
486	residualized	1	trust	sharedreward	0.4943820224719101
487	original	0	sharedreward	trust	0.4691011235955056
487	original	1	trust	sharedreward	0.4691011235955056
487	task_negative	0	sharedreward	trust	0.5056179775280899
487	task_negative	1	trust	sharedreward	0.5
487	residualized	0	sharedreward	trust	0.4747191011235955
487	residualized	1	trust	sharedreward	0.4648876404494382
488	original	0	sharedreward	trust	0.4705056179775281
488	original	1	trust	sharedreward	0.4719101123595505
488	task_negative	0	sharedreward	trust	0.47752808988764045
488	task_negative	1	trust	sharedreward	0.44662921348314605
488	residualized	0	sharedreward	trust	0.46769662921348315
488	residualized	1	trust	sharedreward	0.476123595505618
489	original	0	sharedreward	trust	0.4845505617977528
489	original	1	trust	sharedreward	0.5014044943820225
489	task_negative	0	sharedreward	trust	0.49157303370786515
489	task_negative	1	trust	sharedreward	0.5
489	residualized	0	sharedreward	trust	0.4901685393258427
489	residualized	1	trust	sharedreward	0.5042134831460674
490	original	0	sharedreward	trust	0.5140449438202247
490	original	1	trust	sharedreward	0.5056179775280899
490	task_negative	0	sharedreward	trust	0.5
490	task_negative	1	trust	sharedreward	0.5196629213483146
490	residualized	0	sharedreward	trust	0.5084269662921348
490	residualized	1	trust	sharedreward	0.5014044943820225
491	original	0	sharedreward	trust	0.5308988764044944
491	original	1	trust	sharedreward	0.5337078651685393
491	task_negative	0	sharedreward	trust	0.5168539325842697
491	task_negative	1	trust	sharedreward	0.5028089887640449
491	residualized	0	sharedreward	trust	0.5294943820224719
491	residualized	1	trust	sharedreward	0.5308988764044944
492	original	0	sharedreward	trust	0.4929775280898876
492	original	1	trust	sharedreward	0.4957865168539326
492	task_negative	0	sharedreward	trust	0.49157303370786515
492	task_negative	1	trust	sharedreward	0.4943820224719101
492	residualized	0	sharedreward	trust	0.49157303370786515
492	residualized	1	trust	sharedreward	0.48314606741573035
493	original	0	sharedreward	trust	0.5224719101123596
493	original	1	trust	sharedreward	0.4789325842696629
493	task_negative	0	sharedreward	trust	0.49157303370786515
493	task_negative	1	trust	sharedreward	0.4859550561797753
493	residualized	0	sharedreward	trust	0.523876404494382
493	residualized	1	trust	sharedreward	0.48314606741573035
494	original	0	sharedreward	trust	0.4859550561797753
494	original	1	trust	sharedreward	0.4747191011235955
494	task_negative	0	sharedreward	trust	0.5224719101123596
494	task_negative	1	trust	sharedreward	0.4803370786516854
494	residualized	0	sharedreward	trust	0.49157303370786515
494	residualized	1	trust	sharedreward	0.4747191011235955
495	original	0	sharedreward	trust	0.4662921348314606
495	original	1	trust	sharedreward	0.5028089887640449
495	task_negative	0	sharedreward	trust	0.4691011235955056
495	task_negative	1	trust	sharedreward	0.4747191011235955
495	residualized	0	sharedreward	trust	0.4705056179775281
495	residualized	1	trust	sharedreward	0.5042134831460674
496	original	0	sharedreward	trust	0.4915730337078651
496	original	1	trust	sharedreward	0.4873595505617977
496	task_negative	0	sharedreward	trust	0.46629213483146065
496	task_negative	1	trust	sharedreward	0.4691011235955056
496	residualized	0	sharedreward	trust	0.4859550561797753
496	residualized	1	trust	sharedreward	0.4845505617977528
497	original	0	sharedreward	trust	0.497191011235955
497	original	1	trust	sharedreward	0.5014044943820225
497	task_negative	0	sharedreward	trust	0.49157303370786515
497	task_negative	1	trust	sharedreward	0.4887640449438202
497	residualized	0	sharedreward	trust	0.49157303370786515
497	residualized	1	trust	sharedreward	0.5014044943820225
498	original	0	sharedreward	trust	0.4915730337078651
498	original	1	trust	sharedreward	0.4887640449438202
498	task_negative	0	sharedreward	trust	0.5112359550561798
498	task_negative	1	trust	sharedreward	0.5
498	residualized	0	sharedreward	trust	0.5014044943820225
498	residualized	1	trust	sharedreward	0.49719101123595505
499	original	0	sharedreward	trust	0.5379213483146067
499	original	1	trust	sharedreward	0.5294943820224719
499	task_negative	0	sharedreward	trust	0.4887640449438202
499	task_negative	1	trust	sharedreward	0.5196629213483146
499	residualized	0	sharedreward	trust	0.5393258426966292
499	residualized	1	trust	sharedreward	0.5252808988764045
